case_id,cik,company,stratum,role,verdict,reason,replacement_case_id
P001,1659166,Fortive Corp  (FTV)  (CIK 0001659166),carve_out,gap_prone,PASS,form-10 information statement + separation-agreement signal,
P002,1418135,CSAB Inc.  (KDP)  (CIK 0001418135),carve_out,gap_prone,PASS,form-10 information statement + separation-agreement signal,
P003,1457543,CareFusion Corp  (CIK 0001457543),carve_out,gap_prone,PASS,form-10 information statement + separation-agreement signal,
P004,1468516,AOL Inc.  (CIK 0001468516),carve_out,gap_prone,PASS,form-10 information statement + separation-agreement signal,
P005,1635718,"Gannett SpinCo, Inc.  (CIK 0001635718)",carve_out,gap_prone,PASS,form-10 information statement + separation-agreement signal,
P006,1685040,"Brighthouse Financial, Inc.  (BHF, BHFAL, BHFAM, BHFAN, BHFAO, BHFAP)  (CIK 0001685040)",carve_out,gap_prone,PASS,form-10 information statement + separation-agreement signal,
P007,1755672,"Corteva, Inc.  (CTVA)  (CIK 0001755672)",carve_out,gap_prone,PASS,form-10 information statement + separation-agreement signal,
P008,1434729,"HSN, Inc.  (CIK 0001434729)",carve_out,gap_prone,PASS,form-10 information statement + separation-agreement signal,
P009,1710366,CONSOL Mining Corp  (CEIX)  (CIK 0001710366),carve_out,gap_prone,PASS,form-10 information statement + separation-agreement signal,
P010,1632127,"Cable One, Inc.  (CABO)  (CIK 0001632127)",carve_out,gap_prone,PASS,form-10 information statement + separation-agreement signal,
P011,1620546,Baxalta Inc  (CIK 0001620546),carve_out,gap_prone,PASS,form-10 information statement + separation-agreement signal,
P012,1657853,"Hertz Rental Car Holding Company, Inc.  (HTZ, HTZWW)  (CIK 0001657853)",carve_out,gap_prone,PASS,form-10 information statement + separation-agreement signal,
P013,1528558,"Rouse Properties, Inc.  (CIK 0001528558)",carve_out,gap_prone,PASS,form-10 information statement + separation-agreement signal,
P014,1727263,"frontdoor, inc.  (FTDR)  (CIK 0001727263)",carve_out,gap_prone,PASS,form-10 information statement + separation-agreement signal,
P015,1645590,Hewlett Packard Enterprise Co  (HPE)  (CIK 0001645590),carve_out,gap_prone,PASS,form-10 information statement + separation-agreement signal,
P016,1675149,Alcoa Upstream Corp  (AA)  (CIK 0001675149),carve_out,gap_prone,PASS,form-10 information statement + separation-agreement signal,
P017,1486957,Babcock & Wilcox Co  (BWXT)  (CIK 0001486957),carve_out,gap_prone,PASS,form-10 information statement + separation-agreement signal,
P018,1611547,Urban Edge Properties  (UE)  (CIK 0001611547),carve_out,gap_prone,PASS,form-10 information statement + separation-agreement signal,
P019,1670541,Adient Ltd  (ADNT)  (CIK 0001670541),carve_out,gap_prone,PASS,form-10 information statement + separation-agreement signal,
P020,1660690,"Versum Materials, LLC  (CIK 0001660690)",carve_out,gap_prone,PASS,form-10 information statement + separation-agreement signal,
P021,1518832,"WPX ENERGY, INC.  (CIK 0001518832)",carve_out,gap_prone,PASS,form-10 information statement + separation-agreement signal,
P022,1751788,Dow Holdings Inc.  (DOW)  (CIK 0001751788),carve_out,gap_prone,PASS,form-10 information statement + separation-agreement signal,
P023,1594686,SPG SpinCo Subsidiary Inc.  (CIK 0001594686),carve_out,gap_prone,PASS,form-10 information statement + separation-agreement signal,
P024,1390844,WABCO Holdings Inc.  (CIK 0001390844),carve_out,gap_prone,PASS,form-10 information statement + separation-agreement signal,
P025,1598428,TimkenSteel Corp  (MTUS)  (CIK 0001598428),carve_out,gap_prone,PASS,form-10 information statement + separation-agreement signal,
P026,1630805,"Babcock & Wilcox Enterprises, Inc.  (BW, BWNB, BWSN, BW-PA)  (CIK 0001630805)",carve_out,gap_prone,PASS,form-10 information statement + separation-agreement signal,
P027,1415404,EchoStar Holding CORP  (SATS)  (CIK 0001415404),carve_out,gap_prone,PASS,form-10 information statement + separation-agreement signal,
P028,1601046,"Keysight Technologies, Inc.  (KEYS)  (CIK 0001601046)",carve_out,gap_prone,PASS,form-10 information statement + separation-agreement signal,
P029,1707092,Delphi Jersey Holdings plc  (CIK 0001707092),carve_out,gap_prone,PASS,form-10 information statement + separation-agreement signal,
P030,1376812,Patriot Coal CORP  (CIK 0001376812),carve_out,gap_prone,PASS,form-10 information statement + separation-agreement signal,
P031,1594590,PARAGON OFFSHORE LTD.  (CIK 0001594590),carve_out,gap_prone,PASS,form-10 information statement + separation-agreement signal,
P032,1679273,"Lamb Weston Holdings, Inc.  (LW)  (CIK 0001679273)",carve_out,gap_prone,PASS,form-10 information statement + separation-agreement signal,
P033,1551152,AbbVie Inc.  (ABBV)  (CIK 0001551152),carve_out,gap_prone,PASS,form-10 information statement + separation-agreement signal,
P034,1609253,"California Resources Corp  (CRC, CRCQW)  (CIK 0001609253)",carve_out,gap_prone,PASS,form-10 information statement + separation-agreement signal,
P035,1656239,"PNK Entertainment, Inc.  (CIK 0001656239)",carve_out,gap_prone,PASS,form-10 information statement + separation-agreement signal,
P036,1532930,CHESAPEAKE OILFIELD OPERATING LLC  (CIK 0001532930),carve_out,gap_prone,PASS,form-10 information statement + separation-agreement signal,
P037,1627223,Chemours Co  (CC)  (CIK 0001627223),carve_out,gap_prone,PASS,form-10 information statement + separation-agreement signal,
P038,1495569,"Motorola Mobility Holdings, Inc  (CIK 0001495569)",carve_out,gap_prone,PASS,form-10 information statement + separation-agreement signal,
P039,1635881,Exterran Corp  (CIK 0001635881),carve_out,gap_prone,PASS,form-10 information statement + separation-agreement signal,
P040,1591517,Time Inc.  (CIK 0001591517),carve_out,gap_prone,PASS,form-10 information statement + separation-agreement signal,
P041,1587732,"ONE Gas, Inc.  (OGS)  (CIK 0001587732)",carve_out,gap_prone,PASS,form-10 information statement + separation-agreement signal,
P042,1681622,Varex Imaging Corp  (VREX)  (CIK 0001681622),carve_out,gap_prone,PASS,form-10 information statement + separation-agreement signal,
P043,1534701,Phillips 66  (PSX)  (CIK 0001534701),carve_out,gap_prone,PASS,form-10 information statement + separation-agreement signal,
P044,1597672,Rayonier Holding Co  (RYAM)  (CIK 0001597672),carve_out,gap_prone,PASS,form-10 information statement + separation-agreement signal,
P045,76334,PARKER HANNIFIN CORP  (PH)  (CIK 0000076334),joint_venture,gap_prone,PASS,"positive-signal query matched: ""joint venture agreement""",
P046,351817,SWIFT ENERGY CO  (CIK 0000351817),joint_venture,gap_prone,PASS,"positive-signal query matched: ""joint venture agreement""",
P047,1307748,"Inland American Real Estate Trust, Inc.  (IVT)  (CIK 0001307748)",joint_venture,gap_prone,PASS,"positive-signal query matched: ""joint venture agreement""",
P048,1050797,COLUMBIA SPORTSWEAR CO  (COLM)  (CIK 0001050797),joint_venture,gap_prone,PASS,"positive-signal query matched: ""joint venture agreement""",
P049,42582,GOODYEAR TIRE & RUBBER CO /OH/  (GT)  (CIK 0000042582),joint_venture,gap_prone,PASS,"positive-signal query matched: ""joint venture agreement""",
P050,1585854,SunEdison Semiconductor Ltd  (CIK 0001585854),joint_venture,gap_prone,PASS,"positive-signal query matched: ""joint venture agreement""",
P051,931015,POLARIS INDUSTRIES INC/MN  (PII)  (CIK 0000931015),joint_venture,gap_prone,PASS,"positive-signal query matched: ""joint venture agreement""",
P052,24545,"MOLSON COORS BREWING CO  (TAP, TAP-A)  (CIK 0000024545)",joint_venture,gap_prone,PASS,"positive-signal query matched: ""joint venture agreement""",
P053,1397516,REX ENERGY CORP  (CIK 0001397516),joint_venture,gap_prone,PASS,"positive-signal query matched: ""joint venture agreement""",
P054,723125,MICRON TECHNOLOGY INC  (MU)  (CIK 0000723125),joint_venture,gap_prone,PASS,"positive-signal query matched: ""joint venture agreement""",
P055,1370946,Owens Corning  (OC)  (CIK 0001370946),joint_venture,gap_prone,PASS,"positive-signal query matched: ""joint venture agreement""",
P056,1046880,CENTRAL EUROPEAN DISTRIBUTION CORP  (CIK 0001046880),joint_venture,gap_prone,PASS,"positive-signal query matched: ""joint venture agreement""",
P057,1011006,ALTABA INC.  (CIK 0001011006),joint_venture,gap_prone,PASS,"positive-signal query matched: ""joint venture agreement""",
P058,719413,"HECLA MINING CO/DE/  (HL, HL-PB)  (CIK 0000719413)",joint_venture,gap_prone,PASS,"positive-signal query matched: ""joint venture agreement""",
P059,909832,COSTCO WHOLESALE CORP /NEW  (COST)  (CIK 0000909832),joint_venture,gap_prone,PASS,"positive-signal query matched: ""joint venture agreement""",
P060,96289,RADIOSHACK CORP  (CIK 0000096289),joint_venture,gap_prone,PASS,"positive-signal query matched: ""joint venture agreement""",
P061,105319,WEIGHT WATCHERS INTERNATIONAL INC  (WW)  (CIK 0000105319),joint_venture,gap_prone,PASS,"positive-signal query matched: ""joint venture agreement""",
P062,1561660,Pattern Energy Group Inc.  (CIK 0001561660),joint_venture,gap_prone,PASS,"positive-signal query matched: ""joint venture agreement""",
P063,929887,APOLLO GROUP INC  (CIK 0000929887),joint_venture,gap_prone,PASS,"positive-signal query matched: ""joint venture agreement""",
P064,865754,SAUER DANFOSS INC  (CIK 0000865754),joint_venture,gap_prone,PASS,"positive-signal query matched: ""joint venture agreement""",
P065,1441849,CLOUD PEAK ENERGY INC.  (CIK 0001441849),joint_venture,gap_prone,PASS,"positive-signal query matched: ""joint venture agreement""",
P066,1677761,"Parkway, Inc.  (CIK 0001677761)",joint_venture,gap_prone,PASS,"positive-signal query matched: ""joint venture agreement""",
P067,945436,MEMC ELECTRONIC MATERIALS INC  (CIK 0000945436),joint_venture,gap_prone,PASS,"positive-signal query matched: ""joint venture agreement""",
P068,823094,SOTHEBYS  (CIK 0000823094),joint_venture,gap_prone,PASS,"positive-signal query matched: ""joint venture agreement""",
P069,1061219,"ENTERPRISE PRODUCTS PARTNERS L P  (EPD, EPDU)  (CIK 0001061219)",joint_venture,gap_prone,PASS,"positive-signal query matched: ""joint venture agreement""",
P070,1042810,"EQUITY ONE, INC.  (CIK 0001042810)",joint_venture,gap_prone,PASS,"positive-signal query matched: ""joint venture agreement""",
P071,78460,PIEDMONT NATURAL GAS CO INC  (CIK 0000078460),joint_venture,gap_prone,PASS,"positive-signal query matched: ""joint venture agreement""",
P072,1674168,Hilton Grand Vacations Inc.  (HGV)  (CIK 0001674168),joint_venture,gap_prone,PASS,"positive-signal query matched: ""joint venture agreement""",
P073,98222,"TIDEWATER INC  (TDW, TDDWW, TDGMW, TDW-WT)  (CIK 0000098222)",joint_venture,gap_prone,PASS,"positive-signal query matched: ""joint venture agreement""",
P074,1204560,"MPG Office Trust, Inc.  (CIK 0001204560)",joint_venture,gap_prone,PASS,"positive-signal query matched: ""joint venture agreement""",
P075,1065837,SKECHERS USA INC  (SKX)  (CIK 0001065837),joint_venture,gap_prone,PASS,"positive-signal query matched: ""joint venture agreement""",
P076,791915,CYPRESS SEMICONDUCTOR CORP /DE/  (CIK 0000791915),joint_venture,gap_prone,PASS,"positive-signal query matched: ""joint venture agreement""",
P077,1179060,CROSSTEX ENERGY LP  (CIK 0001179060),joint_venture,gap_prone,PASS,"positive-signal query matched: ""joint venture agreement""",
P078,1581405,"PHILLIPS EDISON GROCERY CENTER REIT II, INC.  (CIK 0001581405)",joint_venture,gap_prone,PASS,"positive-signal query matched: ""joint venture agreement""",
P079,867773,SUNPOWER CORP  (SPWRQ)  (CIK 0000867773),joint_venture,gap_prone,PASS,"positive-signal query matched: ""joint venture agreement""",
P080,93410,CHEVRON CORP  (CVX)  (CIK 0000093410),joint_venture,gap_prone,PASS,positive-signal query matched: curated:Gorgon LNG JV,
P081,37996,"FORD MOTOR CO  (F, F-PB, F-PC, F-PD)  (CIK 0000037996)",joint_venture,gap_prone,PASS,positive-signal query matched: curated:Ford China JV,
P082,831259,FREEPORT-MCMORAN INC  (FCX)  (CIK 0000831259),joint_venture,gap_prone,PASS,positive-signal query matched: curated:Grasberg JV,
P083,29915,DOW CHEMICAL CO /DE/  (CIK 0000029915),joint_venture,gap_prone,PASS,positive-signal query matched: curated:Sadara JV (Dow/Aramco),
P084,101778,MARATHON OIL CORP  (MRO)  (CIK 0000101778),joint_venture,gap_prone,PASS,positive-signal query matched: curated:Marathon LNG JV,
P085,732712,VERIZON COMMUNICATIONS INC  (VZ)  (CIK 0000732712),joint_venture,gap_prone,PASS,positive-signal query matched: curated:Verizon Wireless JV,
P086,1166691,"COMCAST CORP  (CCZ, CMCSA)  (CIK 0001166691)",joint_venture,gap_prone,PASS,positive-signal query matched: curated:NBCUniversal JV,
P087,24741,CORNING INC /NY  (GLW)  (CIK 0000024741),joint_venture,gap_prone,PASS,positive-signal query matched: curated:Dow Corning JV,
P088,1163165,CONOCOPHILLIPS  (COP)  (CIK 0001163165),joint_venture,gap_prone,PASS,positive-signal query matched: curated:Australia Pacific LNG JV,
P089,1360604,"HEALTHCARE TRUST OF AMERICA, INC.  (HR)  (CIK 0001360604)",roll_up,gap_prone,PASS,"positive-signal query matched: ""roll-up"" OR ""roll up strategy"" OR ""consolidation strategy"" OR ""buy-and-build"" OR ""platform acquisition"" OR ""add-on acquisition""",
P090,945436,"SUNEDISON, INC.  (CIK 0000945436)",roll_up,gap_prone,PASS,"positive-signal query matched: ""roll-up"" OR ""roll up strategy"" OR ""consolidation strategy"" OR ""buy-and-build"" OR ""platform acquisition"" OR ""add-on acquisition""",
P091,1307748,"Inland American Real Estate Trust, Inc.  (IVT)  (CIK 0001307748)",roll_up,gap_prone,PASS,"positive-signal query matched: ""roll-up"" OR ""roll up strategy"" OR ""consolidation strategy"" OR ""buy-and-build"" OR ""platform acquisition"" OR ""add-on acquisition""",
P092,1000623,SCHWEITZER MAUDUIT INTERNATIONAL INC  (MATV)  (CIK 0001000623),roll_up,gap_prone,PASS,"positive-signal query matched: ""roll-up"" OR ""roll up strategy"" OR ""consolidation strategy"" OR ""buy-and-build"" OR ""platform acquisition"" OR ""add-on acquisition""",
P093,1252849,WELLS REAL ESTATE INVESTMENT TRUST II INC  (CIK 0001252849),roll_up,gap_prone,PASS,"positive-signal query matched: ""roll-up"" OR ""roll up strategy"" OR ""consolidation strategy"" OR ""buy-and-build"" OR ""platform acquisition"" OR ""add-on acquisition""",
P094,1662972,"Blackstone Real Estate Income Trust, Inc.  (BSTT)  (CIK 0001662972)",roll_up,gap_prone,PASS,"positive-signal query matched: ""roll-up"" OR ""roll up strategy"" OR ""consolidation strategy"" OR ""buy-and-build"" OR ""platform acquisition"" OR ""add-on acquisition""",
P095,1345126,"Compass Diversified Holdings  (CODI, CODI-PA, CODI-PB, CODI-PC)  (CIK 0001345126)",roll_up,gap_prone,PASS,"positive-signal query matched: ""roll-up"" OR ""roll up strategy"" OR ""consolidation strategy"" OR ""buy-and-build"" OR ""platform acquisition"" OR ""add-on acquisition""",
P096,1464720,Industrial Income Trust Inc.  (CIK 0001464720),roll_up,gap_prone,PASS,"positive-signal query matched: ""roll-up"" OR ""roll up strategy"" OR ""consolidation strategy"" OR ""buy-and-build"" OR ""platform acquisition"" OR ""add-on acquisition""",
P097,924901,MACK CALI REALTY CORP  (VRE)  (CIK 0000924901),roll_up,gap_prone,PASS,"positive-signal query matched: ""roll-up"" OR ""roll up strategy"" OR ""consolidation strategy"" OR ""buy-and-build"" OR ""platform acquisition"" OR ""add-on acquisition""",
P098,1464423,"PennyMac Mortgage Investment Trust  (PMT, PMTU, PMT-PA, PMT-PB, PMT-PC)  (CIK 0001464423)",roll_up,gap_prone,PASS,"positive-signal query matched: ""roll-up"" OR ""roll up strategy"" OR ""consolidation strategy"" OR ""buy-and-build"" OR ""platform acquisition"" OR ""add-on acquisition""",
P099,1455650,"NorthStar Real Estate Income Trust, Inc.  (CIK 0001455650)",roll_up,gap_prone,PASS,"positive-signal query matched: ""roll-up"" OR ""roll up strategy"" OR ""consolidation strategy"" OR ""buy-and-build"" OR ""platform acquisition"" OR ""add-on acquisition""",
P100,1540047,"Nexeo Solutions Holdings, LLC  (CIK 0001540047)",roll_up,gap_prone,PASS,"positive-signal query matched: ""roll-up"" OR ""roll up strategy"" OR ""consolidation strategy"" OR ""buy-and-build"" OR ""platform acquisition"" OR ""add-on acquisition""",
P101,1327978,Dividend Capital Diversified Property Fund Inc.  (CIK 0001327978),roll_up,gap_prone,PASS,"positive-signal query matched: ""roll-up"" OR ""roll up strategy"" OR ""consolidation strategy"" OR ""buy-and-build"" OR ""platform acquisition"" OR ""add-on acquisition""",
P102,1498547,"COLE CREDIT PROPERTY TRUST IV, INC.  (CMRF)  (CIK 0001498547)",roll_up,gap_prone,PASS,"positive-signal query matched: ""roll-up"" OR ""roll up strategy"" OR ""consolidation strategy"" OR ""buy-and-build"" OR ""platform acquisition"" OR ""add-on acquisition""",
P103,1468516,AOL Inc.  (CIK 0001468516),roll_up,gap_prone,PASS,"positive-signal query matched: ""roll-up"" OR ""roll up strategy"" OR ""consolidation strategy"" OR ""buy-and-build"" OR ""platform acquisition"" OR ""add-on acquisition""",
P104,1224608,"CNO Financial Group, Inc.  (CNO, CNO-PA)  (CIK 0001224608)",roll_up,gap_prone,PASS,"positive-signal query matched: ""roll-up"" OR ""roll up strategy"" OR ""consolidation strategy"" OR ""buy-and-build"" OR ""platform acquisition"" OR ""add-on acquisition""",
P105,1020569,IRON MOUNTAIN INC  (IRM)  (CIK 0001020569),roll_up,gap_prone,PASS,"positive-signal query matched: ""roll-up"" OR ""roll up strategy"" OR ""consolidation strategy"" OR ""buy-and-build"" OR ""platform acquisition"" OR ""add-on acquisition""",
P106,1604416,"Nexeo Solutions, Inc.  (CIK 0001604416)",roll_up,gap_prone,PASS,"positive-signal query matched: ""roll-up"" OR ""roll up strategy"" OR ""consolidation strategy"" OR ""buy-and-build"" OR ""platform acquisition"" OR ""add-on acquisition""",
P107,923284,INLAND REAL ESTATE CORP  (CIK 0000923284),roll_up,gap_prone,PASS,"positive-signal query matched: ""roll-up"" OR ""roll up strategy"" OR ""consolidation strategy"" OR ""buy-and-build"" OR ""platform acquisition"" OR ""add-on acquisition""",
P108,1313918,Deerfield Capital Corp.  (CIK 0001313918),roll_up,gap_prone,PASS,"positive-signal query matched: ""roll-up"" OR ""roll up strategy"" OR ""consolidation strategy"" OR ""buy-and-build"" OR ""platform acquisition"" OR ""add-on acquisition""",
P109,1069258,"KRATOS DEFENSE & SECURITY SOLUTIONS, INC.  (KTOS)  (CIK 0001069258)",roll_up,gap_prone,PASS,"positive-signal query matched: ""roll-up"" OR ""roll up strategy"" OR ""consolidation strategy"" OR ""buy-and-build"" OR ""platform acquisition"" OR ""add-on acquisition""",
P110,1421182,Verso Corp  (CIK 0001421182),roll_up,gap_prone,PASS,"positive-signal query matched: ""roll-up"" OR ""roll up strategy"" OR ""consolidation strategy"" OR ""buy-and-build"" OR ""platform acquisition"" OR ""add-on acquisition""",
P111,1490626,"COLE CORPORATE INCOME TRUST, INC.  (CIK 0001490626)",roll_up,gap_prone,PASS,"positive-signal query matched: ""roll-up"" OR ""roll up strategy"" OR ""consolidation strategy"" OR ""buy-and-build"" OR ""platform acquisition"" OR ""add-on acquisition""",
P112,1498021,"ExamWorks Group, Inc.  (CIK 0001498021)",roll_up,gap_prone,PASS,"positive-signal query matched: ""roll-up"" OR ""roll up strategy"" OR ""consolidation strategy"" OR ""buy-and-build"" OR ""platform acquisition"" OR ""add-on acquisition""",
P113,47129,HERTZ CORP  (CIK 0000047129),roll_up,gap_prone,PASS,"positive-signal query matched: ""roll-up"" OR ""roll up strategy"" OR ""consolidation strategy"" OR ""buy-and-build"" OR ""platform acquisition"" OR ""add-on acquisition""",
P114,1525287,Sprague Resources LP  (CIK 0001525287),roll_up,gap_prone,PASS,"positive-signal query matched: ""roll-up"" OR ""roll up strategy"" OR ""consolidation strategy"" OR ""buy-and-build"" OR ""platform acquisition"" OR ""add-on acquisition""",
P115,1364479,HERTZ GLOBAL HOLDINGS INC  (HRI)  (CIK 0001364479),roll_up,gap_prone,PASS,"positive-signal query matched: ""roll-up"" OR ""roll up strategy"" OR ""consolidation strategy"" OR ""buy-and-build"" OR ""platform acquisition"" OR ""add-on acquisition""",
P116,1308606,Cole Credit Property Trust II Inc  (CIK 0001308606),roll_up,gap_prone,PASS,"positive-signal query matched: ""roll-up"" OR ""roll up strategy"" OR ""consolidation strategy"" OR ""buy-and-build"" OR ""platform acquisition"" OR ""add-on acquisition""",
P117,1091862,Chemtura CORP  (CIK 0001091862),roll_up,gap_prone,PASS,"positive-signal query matched: ""roll-up"" OR ""roll up strategy"" OR ""consolidation strategy"" OR ""buy-and-build"" OR ""platform acquisition"" OR ""add-on acquisition""",
P118,915862,PANTRY INC  (CIK 0000915862),roll_up,gap_prone,PASS,"positive-signal query matched: ""roll-up"" OR ""roll up strategy"" OR ""consolidation strategy"" OR ""buy-and-build"" OR ""platform acquisition"" OR ""add-on acquisition""",
P119,746515,EXPEDITORS INTERNATIONAL OF WASHINGTON INC  (EXPD)  (CIK 0000746515),roll_up,gap_prone,PASS,"positive-signal query matched: ""roll-up"" OR ""roll up strategy"" OR ""consolidation strategy"" OR ""buy-and-build"" OR ""platform acquisition"" OR ""add-on acquisition""",
P120,1425923,"Cole Credit Property Trust III, Inc.  (CIK 0001425923)",roll_up,gap_prone,PASS,"positive-signal query matched: ""roll-up"" OR ""roll up strategy"" OR ""consolidation strategy"" OR ""buy-and-build"" OR ""platform acquisition"" OR ""add-on acquisition""",
P121,1564657,"NorthStar Real Estate Income II, Inc.  (CIK 0001564657)",roll_up,gap_prone,PASS,"positive-signal query matched: ""roll-up"" OR ""roll up strategy"" OR ""consolidation strategy"" OR ""buy-and-build"" OR ""platform acquisition"" OR ""add-on acquisition""",
P122,1390213,Corporate Property Associates 17 - Global INC  (CIK 0001390213),roll_up,gap_prone,PASS,"positive-signal query matched: ""roll-up"" OR ""roll up strategy"" OR ""consolidation strategy"" OR ""buy-and-build"" OR ""platform acquisition"" OR ""add-on acquisition""",
P123,1455271,"Griffin-American Healthcare REIT II, Inc.  (CIK 0001455271)",roll_up,gap_prone,PASS,"positive-signal query matched: ""roll-up"" OR ""roll up strategy"" OR ""consolidation strategy"" OR ""buy-and-build"" OR ""platform acquisition"" OR ""add-on acquisition""",
P124,1222840,INLAND WESTERN RETAIL REAL ESTATE TRUST INC  (CIK 0001222840),roll_up,gap_prone,PASS,"positive-signal query matched: ""roll-up"" OR ""roll up strategy"" OR ""consolidation strategy"" OR ""buy-and-build"" OR ""platform acquisition"" OR ""add-on acquisition""",
P125,1468010,"Steadfast Income REIT, Inc.  (CIK 0001468010)",roll_up,gap_prone,PASS,"positive-signal query matched: ""roll-up"" OR ""roll up strategy"" OR ""consolidation strategy"" OR ""buy-and-build"" OR ""platform acquisition"" OR ""add-on acquisition""",
P126,1314152,"Jones Lang LaSalle Income Property Trust, Inc.  (CIK 0001314152)",roll_up,gap_prone,PASS,"positive-signal query matched: ""roll-up"" OR ""roll up strategy"" OR ""consolidation strategy"" OR ""buy-and-build"" OR ""platform acquisition"" OR ""add-on acquisition""",
P127,1567925,"Carter Validus Mission Critical REIT II, Inc.  (SILA)  (CIK 0001567925)",roll_up,gap_prone,PASS,"positive-signal query matched: ""roll-up"" OR ""roll up strategy"" OR ""consolidation strategy"" OR ""buy-and-build"" OR ""platform acquisition"" OR ""add-on acquisition""",
P128,1665918,US Foods Holding Corp.  (USFD)  (CIK 0001665918),roll_up,gap_prone,PASS,positive-signal query matched: curated:US Foods roll-up,
P129,1590714,Platform Specialty Products Corp  (ESI)  (CIK 0001590714),roll_up,gap_prone,PASS,positive-signal query matched: curated:Platform Specialty Products buy-and-build,
P130,895655,JARDEN CORP  (CIK 0000895655),roll_up,gap_prone,PASS,positive-signal query matched: curated:Jarden consumer roll-up,
P131,1533932,"Vantiv, Inc.  (CIK 0001533932)",roll_up,gap_prone,PASS,positive-signal query matched: curated:Vantiv payments roll-up,
P132,1378992,BERRY PLASTICS GROUP INC  (BERY)  (CIK 0001378992),roll_up,gap_prone,PASS,positive-signal query matched: curated:Berry Plastics roll-up,
P133,96289,RADIOSHACK CORP  (CIK 0000096289),distressed,gap_prone,PASS,"positive-signal query matched: ""section 363"" OR ""stalking horse"" OR ""debtor-in-possession"" OR ""asset purchase agreement"" OR ""chapter 11 plan""",
P134,1563407,"Smart & Final Stores, Inc.  (CIK 0001563407)",distressed,gap_prone,PASS,"positive-signal query matched: ""section 363"" OR ""stalking horse"" OR ""debtor-in-possession"" OR ""asset purchase agreement"" OR ""chapter 11 plan""",
P135,29669,RR Donnelley & Sons Co  (CIK 0000029669),distressed,gap_prone,PASS,"positive-signal query matched: ""section 363"" OR ""stalking horse"" OR ""debtor-in-possession"" OR ""asset purchase agreement"" OR ""chapter 11 plan""",
P136,837173,"Walter Energy, Inc.  (CIK 0000837173)",distressed,gap_prone,PASS,"positive-signal query matched: ""section 363"" OR ""stalking horse"" OR ""debtor-in-possession"" OR ""asset purchase agreement"" OR ""chapter 11 plan""",
P137,1001082,DISH Network CORP  (CIK 0001001082),distressed,gap_prone,PASS,"positive-signal query matched: ""section 363"" OR ""stalking horse"" OR ""debtor-in-possession"" OR ""asset purchase agreement"" OR ""chapter 11 plan""",
P138,1588238,Rice Energy Inc.  (CIK 0001588238),distressed,gap_prone,PASS,"positive-signal query matched: ""section 363"" OR ""stalking horse"" OR ""debtor-in-possession"" OR ""asset purchase agreement"" OR ""chapter 11 plan""",
P139,1548691,Samson Resources Corp  (CIK 0001548691),distressed,gap_prone,PASS,"positive-signal query matched: ""section 363"" OR ""stalking horse"" OR ""debtor-in-possession"" OR ""asset purchase agreement"" OR ""chapter 11 plan""",
P140,1060990,QUICKSILVER RESOURCES INC  (CIK 0001060990),distressed,gap_prone,PASS,"positive-signal query matched: ""section 363"" OR ""stalking horse"" OR ""debtor-in-possession"" OR ""asset purchase agreement"" OR ""chapter 11 plan""",
P141,1297720,James River Coal CO  (CIK 0001297720),distressed,gap_prone,PASS,"positive-signal query matched: ""section 363"" OR ""stalking horse"" OR ""debtor-in-possession"" OR ""asset purchase agreement"" OR ""chapter 11 plan""",
P142,1481792,"Quad/Graphics, Inc.  (QUAD)  (CIK 0001481792)",distressed,gap_prone,PASS,"positive-signal query matched: ""section 363"" OR ""stalking horse"" OR ""debtor-in-possession"" OR ""asset purchase agreement"" OR ""chapter 11 plan""",
P143,1037016,NII HOLDINGS INC  (CIK 0001037016),distressed,gap_prone,PASS,"positive-signal query matched: ""section 363"" OR ""stalking horse"" OR ""debtor-in-possession"" OR ""asset purchase agreement"" OR ""chapter 11 plan""",
P144,906163,NVR INC  (NVR)  (CIK 0000906163),distressed,gap_prone,PASS,"positive-signal query matched: ""section 363"" OR ""stalking horse"" OR ""debtor-in-possession"" OR ""asset purchase agreement"" OR ""chapter 11 plan""",
P145,1307954,Huntsman CORP  (HUN)  (CIK 0001307954),distressed,gap_prone,PASS,"positive-signal query matched: ""section 363"" OR ""stalking horse"" OR ""debtor-in-possession"" OR ""asset purchase agreement"" OR ""chapter 11 plan""",
P146,1301063,"Alpha Natural Resources, Inc.  (CIK 0001301063)",distressed,gap_prone,PASS,"positive-signal query matched: ""section 363"" OR ""stalking horse"" OR ""debtor-in-possession"" OR ""asset purchase agreement"" OR ""chapter 11 plan""",
P147,1520566,Nationstar Mortgage Holdings Inc.  (CIK 0001520566),distressed,gap_prone,PASS,"positive-signal query matched: ""section 363"" OR ""stalking horse"" OR ""debtor-in-possession"" OR ""asset purchase agreement"" OR ""chapter 11 plan""",
P148,1704715,"Contura Energy, Inc.  (AMR)  (CIK 0001704715)",distressed,gap_prone,PASS,"positive-signal query matched: ""section 363"" OR ""stalking horse"" OR ""debtor-in-possession"" OR ""asset purchase agreement"" OR ""chapter 11 plan""",
P149,72911,NORTEL NETWORKS CORP  (CIK 0000072911),distressed,gap_prone,PASS,"positive-signal query matched: ""section 363"" OR ""stalking horse"" OR ""debtor-in-possession"" OR ""asset purchase agreement"" OR ""chapter 11 plan""",
P150,921738,PENN NATIONAL GAMING INC  (PENN)  (CIK 0000921738),distressed,gap_prone,PASS,"positive-signal query matched: ""section 363"" OR ""stalking horse"" OR ""debtor-in-possession"" OR ""asset purchase agreement"" OR ""chapter 11 plan""",
P151,1310067,SEARS HOLDINGS CORP  (CIK 0001310067),distressed,gap_prone,PASS,"positive-signal query matched: ""section 363"" OR ""stalking horse"" OR ""debtor-in-possession"" OR ""asset purchase agreement"" OR ""chapter 11 plan""",
P152,885590,Bausch Health Companies Inc.  (BHC)  (CIK 0000885590),distressed,gap_prone,PASS,"positive-signal query matched: ""section 363"" OR ""stalking horse"" OR ""debtor-in-possession"" OR ""asset purchase agreement"" OR ""chapter 11 plan""",
P153,1309402,Green Plains Inc.  (GPRE)  (CIK 0001309402),distressed,gap_prone,PASS,"positive-signal query matched: ""section 363"" OR ""stalking horse"" OR ""debtor-in-possession"" OR ""asset purchase agreement"" OR ""chapter 11 plan""",
P154,1489137,"Molycorp, Inc.  (CIK 0001489137)",distressed,gap_prone,PASS,"positive-signal query matched: ""section 363"" OR ""stalking horse"" OR ""debtor-in-possession"" OR ""asset purchase agreement"" OR ""chapter 11 plan""",
P155,1123647,ATP OIL & GAS CORP  (CIK 0001123647),distressed,gap_prone,PASS,"positive-signal query matched: ""section 363"" OR ""stalking horse"" OR ""debtor-in-possession"" OR ""asset purchase agreement"" OR ""chapter 11 plan""",
P156,1023291,Energy Future Holdings Corp /TX/  (CIK 0001023291),distressed,gap_prone,PASS,positive-signal query matched: curated:Energy Future Holdings Chapter 11,
P157,1376812,Patriot Coal CORP  (CIK 0001376812),distressed,gap_prone,PASS,positive-signal query matched: curated:Patriot Coal Chapter 11,
P158,858339,CAESARS ENTERTAINMENT Corp  (CIK 0000858339),distressed,gap_prone,PASS,positive-signal query matched: curated:Caesars Entertainment Operating Chapter 11,
P159,1585854,SunEdison Semiconductor Ltd  (CIK 0001585854),distressed,gap_prone,PASS,positive-signal query matched: curated:SunEdison Chapter 11,
P160,1326428,"LINN ENERGY, LLC  (CIK 0001326428)",distressed,gap_prone,PASS,positive-signal query matched: curated:LINN Energy Chapter 11,
P161,1064728,PEABODY ENERGY CORP  (BTU)  (CIK 0001064728),distressed,gap_prone,PASS,positive-signal query matched: curated:Peabody Energy Chapter 11,
P162,878079,BON TON STORES INC  (CIK 0000878079),distressed,gap_prone,PASS,positive-signal query matched: curated:Bon-Ton Stores Chapter 11,
P163,31235,EASTMAN KODAK CO  (KODK)  (CIK 0000031235),distressed,gap_prone,PASS,positive-signal query matched: curated:Eastman Kodak Chapter 11,
P164,38079,SABINE OIL & GAS CORP  (CIK 0000038079),distressed,gap_prone,PASS,positive-signal query matched: curated:Sabine Oil Gas Chapter 11,
P165,1400891,"iHeartMedia, Inc.  (IHRT, IHETW, IHRTB)  (CIK 0001400891)",distressed,gap_prone,PASS,positive-signal query matched: curated:iHeartMedia Chapter 11,
P166,1394954,GT Advanced Technologies Inc.  (CIK 0001394954),distressed,gap_prone,PASS,positive-signal query matched: curated:GT Advanced Technologies Chapter 11,
P167,1058623,CUMULUS MEDIA INC  (CMLS)  (CIK 0001058623),distressed,gap_prone,PASS,positive-signal query matched: curated:Cumulus Media Chapter 11,
P168,1037676,ARCH COAL INC  (ARCH)  (CIK 0001037676),distressed,gap_prone,PASS,positive-signal query matched: curated:Arch Coal Chapter 11,
P169,6201,AMR CORP  (AAL)  (CIK 0000006201),distressed,gap_prone,PASS,positive-signal query matched: curated:AMR Corp Chapter 11,
P170,813781,EXIDE TECHNOLOGIES  (CIK 0000813781),distressed,gap_prone,PASS,positive-signal query matched: curated:Exide Technologies Chapter 11,
P171,1349436,SANDRIDGE ENERGY INC  (SD)  (CIK 0001349436),distressed,gap_prone,PASS,positive-signal query matched: curated:SandRidge Energy Chapter 11,
P172,1105055,"DYNEGY HOLDINGS, LLC  (CIK 0001105055)",distressed,gap_prone,PASS,positive-signal query matched: curated:Dynegy Chapter 11,
P173,1533924,"Midstates Petroleum Company, Inc.  (AMPY)  (CIK 0001533924)",distressed,gap_prone,PASS,positive-signal query matched: curated:Midstates Petroleum Chapter 11,
P174,1357371,Breitburn Energy Partners LP  (CIK 0001357371),distressed,gap_prone,PASS,positive-signal query matched: curated:Breitburn Energy Chapter 11,
P175,75208,OVERSEAS SHIPHOLDING GROUP INC  (CIK 0000075208),distressed,gap_prone,PASS,positive-signal query matched: curated:Overseas Shipholding Chapter 11,
P176,9892,BARD C R INC /NJ/  (CIK 0000009892),control,control,PASS,whole-company acquisition; acquirer-reporting + outcome observability assessed at dossier-build (Amendment 4; no-record -> uncertain),
P177,1564822,PINNACLE FOODS INC.  (CIK 0001564822),control,control,PASS,whole-company acquisition; acquirer-reporting + outcome observability assessed at dossier-build (Amendment 4; no-record -> uncertain),
P178,1477294,Sensata Technologies Holding N.V.  (ST)  (CIK 0001477294),control,control,PASS,whole-company acquisition; acquirer-reporting + outcome observability assessed at dossier-build (Amendment 4; no-record -> uncertain),
P179,1024657,WEST CORP  (CIK 0001024657),control,control,PASS,whole-company acquisition; acquirer-reporting + outcome observability assessed at dossier-build (Amendment 4; no-record -> uncertain),
P180,1577095,"ClubCorp Holdings, Inc.  (CIK 0001577095)",control,control,PASS,whole-company acquisition; acquirer-reporting + outcome observability assessed at dossier-build (Amendment 4; no-record -> uncertain),
P181,1163348,"Allied World Assurance Co Holdings, AG  (CIK 0001163348)",control,control,PASS,whole-company acquisition; acquirer-reporting + outcome observability assessed at dossier-build (Amendment 4; no-record -> uncertain),
P182,880285,ENBRIDGE ENERGY PARTNERS LP  (CIK 0000880285),control,control,PASS,whole-company acquisition; acquirer-reporting + outcome observability assessed at dossier-build (Amendment 4; no-record -> uncertain),
P183,1388195,PharMerica CORP  (CIK 0001388195),control,control,PASS,whole-company acquisition; acquirer-reporting + outcome observability assessed at dossier-build (Amendment 4; no-record -> uncertain),
P184,1344980,"Alliance Holdings GP, L.P.  (CIK 0001344980)",control,control,PASS,whole-company acquisition; acquirer-reporting + outcome observability assessed at dossier-build (Amendment 4; no-record -> uncertain),
P185,1230276,"Pandora Media, Inc.  (CIK 0001230276)",control,control,PASS,whole-company acquisition; acquirer-reporting + outcome observability assessed at dossier-build (Amendment 4; no-record -> uncertain),
P186,884905,PRAXAIR INC  (CIK 0000884905),control,control,PASS,whole-company acquisition; acquirer-reporting + outcome observability assessed at dossier-build (Amendment 4; no-record -> uncertain),
P187,916457,CALPINE CORP  (CIK 0000916457),control,control,PASS,whole-company acquisition; acquirer-reporting + outcome observability assessed at dossier-build (Amendment 4; no-record -> uncertain),
P188,1407739,"DUPONT FABROS TECHNOLOGY, INC.  (CIK 0001407739)",control,control,PASS,whole-company acquisition; acquirer-reporting + outcome observability assessed at dossier-build (Amendment 4; no-record -> uncertain),
P189,933036,RENT A CENTER INC DE  (UPBD)  (CIK 0000933036),control,control,PASS,whole-company acquisition; acquirer-reporting + outcome observability assessed at dossier-build (Amendment 4; no-record -> uncertain),
P190,808362,BAKER HUGHES INC  (CIK 0000808362),control,control,PASS,whole-company acquisition; acquirer-reporting + outcome observability assessed at dossier-build (Amendment 4; no-record -> uncertain),
P191,886035,GENERAL CABLE CORP /DE/  (CIK 0000886035),control,control,PASS,whole-company acquisition; acquirer-reporting + outcome observability assessed at dossier-build (Amendment 4; no-record -> uncertain),
P192,1312073,"VERIFONE SYSTEMS, INC.  (CIK 0001312073)",control,control,PASS,whole-company acquisition; acquirer-reporting + outcome observability assessed at dossier-build (Amendment 4; no-record -> uncertain),
P193,1434620,"ILG, Inc.  (CIK 0001434620)",control,control,PASS,whole-company acquisition; acquirer-reporting + outcome observability assessed at dossier-build (Amendment 4; no-record -> uncertain),
P194,1137411,ROCKWELL COLLINS INC  (CIK 0001137411),control,control,PASS,whole-company acquisition; acquirer-reporting + outcome observability assessed at dossier-build (Amendment 4; no-record -> uncertain),
P195,3116,AKORN INC  (CIK 0000003116),control,control,PASS,whole-company acquisition; acquirer-reporting + outcome observability assessed at dossier-build (Amendment 4; no-record -> uncertain),
P196,314808,"Ensco plc  (VAL, VAL-WT)  (CIK 0000314808)",control,control,PASS,whole-company acquisition; acquirer-reporting + outcome observability assessed at dossier-build (Amendment 4; no-record -> uncertain),
P197,1145460,ALERE INC.  (CIK 0001145460),control,control,PASS,whole-company acquisition; acquirer-reporting + outcome observability assessed at dossier-build (Amendment 4; no-record -> uncertain),
P198,1677761,"Parkway, Inc.  (CIK 0001677761)",control,control,PASS,whole-company acquisition; acquirer-reporting + outcome observability assessed at dossier-build (Amendment 4; no-record -> uncertain),
P199,1617898,KLX Inc.  (CIK 0001617898),control,control,PASS,whole-company acquisition; acquirer-reporting + outcome observability assessed at dossier-build (Amendment 4; no-record -> uncertain),
P200,1575879,Caesars Acquisition Co  (CIK 0001575879),control,control,PASS,whole-company acquisition; acquirer-reporting + outcome observability assessed at dossier-build (Amendment 4; no-record -> uncertain),
P201,883902,NCI BUILDING SYSTEMS INC  (CIK 0000883902),control,control,PASS,whole-company acquisition; acquirer-reporting + outcome observability assessed at dossier-build (Amendment 4; no-record -> uncertain),
P202,1067837,ENTERCOM COMMUNICATIONS CORP  (AUDAQ)  (CIK 0001067837),control,control,PASS,whole-company acquisition; acquirer-reporting + outcome observability assessed at dossier-build (Amendment 4; no-record -> uncertain),
P203,33619,ESTERLINE TECHNOLOGIES CORP  (CIK 0000033619),control,control,PASS,whole-company acquisition; acquirer-reporting + outcome observability assessed at dossier-build (Amendment 4; no-record -> uncertain),
P204,866121,"ORBITAL ATK, INC.  (CIK 0000866121)",control,control,PASS,whole-company acquisition; acquirer-reporting + outcome observability assessed at dossier-build (Amendment 4; no-record -> uncertain),
P205,1017793,SUN BANCORP INC /NJ/  (CIK 0001017793),control,control,PASS,whole-company acquisition; acquirer-reporting + outcome observability assessed at dossier-build (Amendment 4; no-record -> uncertain),
P206,8411,ATWOOD OCEANICS INC  (CIK 0000008411),control,control,PASS,whole-company acquisition; acquirer-reporting + outcome observability assessed at dossier-build (Amendment 4; no-record -> uncertain),
P207,57528,"SNYDER'S-LANCE, INC.  (CIK 0000057528)",control,control,PASS,whole-company acquisition; acquirer-reporting + outcome observability assessed at dossier-build (Amendment 4; no-record -> uncertain),
P208,1643848,Patheon N.V.  (CIK 0001643848),control,control,PASS,whole-company acquisition; acquirer-reporting + outcome observability assessed at dossier-build (Amendment 4; no-record -> uncertain),
P209,1588238,Rice Energy Inc.  (CIK 0001588238),control,control,PASS,whole-company acquisition; acquirer-reporting + outcome observability assessed at dossier-build (Amendment 4; no-record -> uncertain),
P210,1656239,"Pinnacle Entertainment, Inc.  (CIK 0001656239)",control,control,PASS,whole-company acquisition; acquirer-reporting + outcome observability assessed at dossier-build (Amendment 4; no-record -> uncertain),
P211,1681714,WildHorse Resource Development Corp  (CIK 0001681714),control,control,PASS,whole-company acquisition; acquirer-reporting + outcome observability assessed at dossier-build (Amendment 4; no-record -> uncertain),
P212,1530804,Tronox Ltd  (TROX)  (CIK 0001530804),control,control,PASS,whole-company acquisition; acquirer-reporting + outcome observability assessed at dossier-build (Amendment 4; no-record -> uncertain),
P213,1487730,"Spectrum Brands Holdings, Inc.  (CIK 0001487730)",control,control,PASS,whole-company acquisition; acquirer-reporting + outcome observability assessed at dossier-build (Amendment 4; no-record -> uncertain),
P214,1620179,"Quinpario Acquisition Corp. 2  (XELA, XELAP)  (CIK 0001620179)",control,control,PASS,whole-company acquisition; acquirer-reporting + outcome observability assessed at dossier-build (Amendment 4; no-record -> uncertain),
P215,1331875,"Fidelity National Financial, Inc.  (FNF)  (CIK 0001331875)",control,control,PASS,whole-company acquisition; acquirer-reporting + outcome observability assessed at dossier-build (Amendment 4; no-record -> uncertain),
P216,1620702,"TERRAFORM GLOBAL, INC.  (CIK 0001620702)",control,control,PASS,whole-company acquisition; acquirer-reporting + outcome observability assessed at dossier-build (Amendment 4; no-record -> uncertain),
P217,703361,INTEGRATED DEVICE TECHNOLOGY INC  (CIK 0000703361),control,control,PASS,whole-company acquisition; acquirer-reporting + outcome observability assessed at dossier-build (Amendment 4; no-record -> uncertain),
P218,50104,ANDEAVOR  (CIK 0000050104),control,control,PASS,whole-company acquisition; acquirer-reporting + outcome observability assessed at dossier-build (Amendment 4; no-record -> uncertain),
P219,1325281,KAPSTONE PAPER & PACKAGING CORP  (CIK 0001325281),control,control,PASS,whole-company acquisition; acquirer-reporting + outcome observability assessed at dossier-build (Amendment 4; no-record -> uncertain),
P220,54507,WESTAR ENERGY INC /KS  (CIK 0000054507),control,control,PASS,whole-company acquisition; acquirer-reporting + outcome observability assessed at dossier-build (Amendment 4; no-record -> uncertain),
P221,1698990,TPG Pace Energy Holdings Corp.  (MGY)  (CIK 0001698990),control,control,PASS,whole-company acquisition; acquirer-reporting + outcome observability assessed at dossier-build (Amendment 4; no-record -> uncertain),
P222,1396446,"CYS Investments, Inc.  (CIK 0001396446)",control,control,PASS,whole-company acquisition; acquirer-reporting + outcome observability assessed at dossier-build (Amendment 4; no-record -> uncertain),
P223,929452,KNIGHT TRANSPORTATION INC  (CIK 0000929452),control,control,PASS,whole-company acquisition; acquirer-reporting + outcome observability assessed at dossier-build (Amendment 4; no-record -> uncertain),
P224,909281,ONEOK Partners LP  (CIK 0000909281),control,control,PASS,whole-company acquisition; acquirer-reporting + outcome observability assessed at dossier-build (Amendment 4; no-record -> uncertain),
P225,1170534,MITEL NETWORKS CORP  (CIK 0001170534),control,control,PASS,whole-company acquisition; acquirer-reporting + outcome observability assessed at dossier-build (Amendment 4; no-record -> uncertain),
P226,943452,WESTINGHOUSE AIR BRAKE TECHNOLOGIES CORP  (WAB)  (CIK 0000943452),control,control,PASS,whole-company acquisition; acquirer-reporting + outcome observability assessed at dossier-build (Amendment 4; no-record -> uncertain),
P227,1418135,"Dr Pepper Snapple Group, Inc.  (KDP)  (CIK 0001418135)",control,control,PASS,whole-company acquisition; acquirer-reporting + outcome observability assessed at dossier-build (Amendment 4; no-record -> uncertain),
P228,1358831,LEGACY RESERVES LP  (CIK 0001358831),control,control,PASS,whole-company acquisition; acquirer-reporting + outcome observability assessed at dossier-build (Amendment 4; no-record -> uncertain),
P229,1645494,ARRIS International plc  (CIK 0001645494),control,control,PASS,whole-company acquisition; acquirer-reporting + outcome observability assessed at dossier-build (Amendment 4; no-record -> uncertain),
P230,757011,USG CORP  (CIK 0000757011),control,control,PASS,whole-company acquisition; acquirer-reporting + outcome observability assessed at dossier-build (Amendment 4; no-record -> uncertain),
P231,95521,SUPERVALU INC  (CIK 0000095521),control,control,PASS,whole-company acquisition; acquirer-reporting + outcome observability assessed at dossier-build (Amendment 4; no-record -> uncertain),
P232,1496048,GGP Inc.  (CIK 0001496048),control,control,PASS,whole-company acquisition; acquirer-reporting + outcome observability assessed at dossier-build (Amendment 4; no-record -> uncertain),
P233,1010858,FAIRMOUNT SANTROL HOLDINGS INC.  (CIK 0001010858),control,control,PASS,whole-company acquisition; acquirer-reporting + outcome observability assessed at dossier-build (Amendment 4; no-record -> uncertain),
P234,701853,BANCORPSOUTH INC  (CIK 0000701853),control,control,PASS,whole-company acquisition; acquirer-reporting + outcome observability assessed at dossier-build (Amendment 4; no-record -> uncertain),
P235,1065087,ALBANY MOLECULAR RESEARCH INC  (CIK 0001065087),control,control,PASS,whole-company acquisition; acquirer-reporting + outcome observability assessed at dossier-build (Amendment 4; no-record -> uncertain),
P236,1414374,Paragon Commercial CORP  (CIK 0001414374),control,control,PASS,whole-company acquisition; acquirer-reporting + outcome observability assessed at dossier-build (Amendment 4; no-record -> uncertain),
P237,1569134,"Tallgrass Energy Partners, LP  (CIK 0001569134)",control,control,PASS,whole-company acquisition; acquirer-reporting + outcome observability assessed at dossier-build (Amendment 4; no-record -> uncertain),
P238,1143155,"Xenith Bankshares, Inc.  (CIK 0001143155)",control,control,PASS,whole-company acquisition; acquirer-reporting + outcome observability assessed at dossier-build (Amendment 4; no-record -> uncertain),
P239,1374535,Altra Industrial Motion Corp.  (CIK 0001374535),control,control,PASS,whole-company acquisition; acquirer-reporting + outcome observability assessed at dossier-build (Amendment 4; no-record -> uncertain),
P240,914374,SOUTHWEST BANCORP INC  (CIK 0000914374),control,control,PASS,whole-company acquisition; acquirer-reporting + outcome observability assessed at dossier-build (Amendment 4; no-record -> uncertain),
P241,1639947,"Care Capital Properties, Inc.  (CIK 0001639947)",control,control,PASS,whole-company acquisition; acquirer-reporting + outcome observability assessed at dossier-build (Amendment 4; no-record -> uncertain),
P242,310568,MICROSEMI CORP  (CIK 0000310568),control,control,PASS,whole-company acquisition; acquirer-reporting + outcome observability assessed at dossier-build (Amendment 4; no-record -> uncertain),
P243,1062047,CONVERGYS CORP  (CIK 0001062047),control,control,PASS,whole-company acquisition; acquirer-reporting + outcome observability assessed at dossier-build (Amendment 4; no-record -> uncertain),
P244,1143068,GREAT PLAINS ENERGY INC  (CIK 0001143068),control,control,PASS,whole-company acquisition; acquirer-reporting + outcome observability assessed at dossier-build (Amendment 4; no-record -> uncertain),
P245,1545654,"Alexander & Baldwin, Inc.  (ALEX)  (CIK 0001545654)",control,control,PASS,whole-company acquisition; acquirer-reporting + outcome observability assessed at dossier-build (Amendment 4; no-record -> uncertain),
P246,104918,AVISTA CORP  (AVA)  (CIK 0000104918),control,control,PASS,whole-company acquisition; acquirer-reporting + outcome observability assessed at dossier-build (Amendment 4; no-record -> uncertain),
P247,1594617,La Quinta Holdings Inc.  (CIK 0001594617),control,control,PASS,whole-company acquisition; acquirer-reporting + outcome observability assessed at dossier-build (Amendment 4; no-record -> uncertain),
P248,1443799,"Gener8 Maritime, Inc.  (CIK 0001443799)",control,control,PASS,whole-company acquisition; acquirer-reporting + outcome observability assessed at dossier-build (Amendment 4; no-record -> uncertain),
P249,1254595,FIRST POTOMAC REALTY TRUST  (CIK 0001254595),control,control,PASS,whole-company acquisition; acquirer-reporting + outcome observability assessed at dossier-build (Amendment 4; no-record -> uncertain),
P250,1062449,BUFFALO WILD WINGS INC  (CIK 0001062449),control,control,PASS,whole-company acquisition; acquirer-reporting + outcome observability assessed at dossier-build (Amendment 4; no-record -> uncertain),
P251,1175609,"CAVIUM, INC.  (CIK 0001175609)",control,control,PASS,whole-company acquisition; acquirer-reporting + outcome observability assessed at dossier-build (Amendment 4; no-record -> uncertain),
P252,1635581,8point3 Energy Partners LP  (CIK 0001635581),control,control,PASS,whole-company acquisition; acquirer-reporting + outcome observability assessed at dossier-build (Amendment 4; no-record -> uncertain),
P253,923603,FelCor Lodging Trust Inc  (CIK 0000923603),control,control,PASS,whole-company acquisition; acquirer-reporting + outcome observability assessed at dossier-build (Amendment 4; no-record -> uncertain),
P254,1507277,Park Sterling Corp  (CIK 0001507277),control,control,PASS,whole-company acquisition; acquirer-reporting + outcome observability assessed at dossier-build (Amendment 4; no-record -> uncertain),
P255,1325955,"Alon USA Energy, Inc.  (CIK 0001325955)",control,control,PASS,whole-company acquisition; acquirer-reporting + outcome observability assessed at dossier-build (Amendment 4; no-record -> uncertain),
P256,1024725,TENNECO INC  (CIK 0001024725),control,control,PASS,whole-company acquisition; acquirer-reporting + outcome observability assessed at dossier-build (Amendment 4; no-record -> uncertain),
P257,764038,SOUTH STATE Corp  (SSB)  (CIK 0000764038),control,control,PASS,whole-company acquisition; acquirer-reporting + outcome observability assessed at dossier-build (Amendment 4; no-record -> uncertain),
P258,1003642,IMPAX LABORATORIES INC  (CIK 0001003642),control,control,PASS,whole-company acquisition; acquirer-reporting + outcome observability assessed at dossier-build (Amendment 4; no-record -> uncertain),
P259,1588216,"RSP Permian, Inc.  (CIK 0001588216)",control,control,PASS,whole-company acquisition; acquirer-reporting + outcome observability assessed at dossier-build (Amendment 4; no-record -> uncertain),
P260,1308161,"TWENTY-FIRST CENTURY FOX, INC.  (CIK 0001308161)",control,control,PASS,whole-company acquisition; acquirer-reporting + outcome observability assessed at dossier-build (Amendment 4; no-record -> uncertain),
P261,1430602,"Scripps Networks Interactive, Inc.  (CIK 0001430602)",control,control,PASS,whole-company acquisition; acquirer-reporting + outcome observability assessed at dossier-build (Amendment 4; no-record -> uncertain),
P262,1467373,Accenture plc  (ACN)  (CIK 0001467373),control,control,PASS,whole-company acquisition; acquirer-reporting + outcome observability assessed at dossier-build (Amendment 4; no-record -> uncertain),
P263,1351541,"Delek US Holdings, Inc.  (CIK 0001351541)",control,control,PASS,whole-company acquisition; acquirer-reporting + outcome observability assessed at dossier-build (Amendment 4; no-record -> uncertain),
P264,1384710,"Monogram Residential Trust, Inc.  (CIK 0001384710)",control,control,PASS,whole-company acquisition; acquirer-reporting + outcome observability assessed at dossier-build (Amendment 4; no-record -> uncertain),
P265,1006424,"BEAR STATE FINANCIAL, INC.  (CIK 0001006424)",control,control,PASS,whole-company acquisition; acquirer-reporting + outcome observability assessed at dossier-build (Amendment 4; no-record -> uncertain),
P266,1579471,Starwood Waypoint Homes  (CIK 0001579471),control,control,PASS,whole-company acquisition; acquirer-reporting + outcome observability assessed at dossier-build (Amendment 4; no-record -> uncertain),
P267,1564657,"NorthStar Real Estate Income II, Inc.  (CIK 0001564657)",control,control,PASS,whole-company acquisition; acquirer-reporting + outcome observability assessed at dossier-build (Amendment 4; no-record -> uncertain),
P268,1537667,SELECT INCOME REIT  (CIK 0001537667),control,control,PASS,whole-company acquisition; acquirer-reporting + outcome observability assessed at dossier-build (Amendment 4; no-record -> uncertain),
P269,1476204,"PHILLIPS EDISON GROCERY CENTER REIT I, INC.  (PECO)  (CIK 0001476204)",control,control,PASS,whole-company acquisition; acquirer-reporting + outcome observability assessed at dossier-build (Amendment 4; no-record -> uncertain),
P270,1411488,"BLACKHAWK NETWORK HOLDINGS, INC  (CIK 0001411488)",control,control,PASS,whole-company acquisition; acquirer-reporting + outcome observability assessed at dossier-build (Amendment 4; no-record -> uncertain),
P271,1408100,"Kennedy-Wilson Holdings, Inc.  (KW)  (CIK 0001408100)",control,control,PASS,whole-company acquisition; acquirer-reporting + outcome observability assessed at dossier-build (Amendment 4; no-record -> uncertain),
P272,1453818,"Hines Global REIT, Inc.  (CIK 0001453818)",control,control,PASS,whole-company acquisition; acquirer-reporting + outcome observability assessed at dossier-build (Amendment 4; no-record -> uncertain),
P273,1297587,Gramercy Property Trust  (CIK 0001297587),control,control,PASS,whole-company acquisition; acquirer-reporting + outcome observability assessed at dossier-build (Amendment 4; no-record -> uncertain),
P274,1581405,"PHILLIPS EDISON GROCERY CENTER REIT II, INC.  (CIK 0001581405)",control,control,PASS,whole-company acquisition; acquirer-reporting + outcome observability assessed at dossier-build (Amendment 4; no-record -> uncertain),
P275,1455650,"NorthStar Real Estate Income Trust, Inc.  (CIK 0001455650)",control,control,PASS,whole-company acquisition; acquirer-reporting + outcome observability assessed at dossier-build (Amendment 4; no-record -> uncertain),
P276,1677203,"QUALITY CARE PROPERTIES, INC.  (CIK 0001677203)",control,control,PASS,whole-company acquisition; acquirer-reporting + outcome observability assessed at dossier-build (Amendment 4; no-record -> uncertain),
P277,1390213,Corporate Property Associates 17 - Global INC  (CIK 0001390213),control,control,PASS,whole-company acquisition; acquirer-reporting + outcome observability assessed at dossier-build (Amendment 4; no-record -> uncertain),
P278,714603,DST SYSTEMS INC  (CIK 0000714603),control,control,PASS,whole-company acquisition; acquirer-reporting + outcome observability assessed at dossier-build (Amendment 4; no-record -> uncertain),
P279,1668428,CF Corp  (CIK 0001668428),control,control,PASS,whole-company acquisition; acquirer-reporting + outcome observability assessed at dossier-build (Amendment 4; no-record -> uncertain),
P280,1647509,"Forest City Realty Trust, Inc.  (CIK 0001647509)",control,control,PASS,whole-company acquisition; acquirer-reporting + outcome observability assessed at dossier-build (Amendment 4; no-record -> uncertain),
P281,720002,MAINSOURCE FINANCIAL GROUP  (CIK 0000720002),control,control,PASS,whole-company acquisition; acquirer-reporting + outcome observability assessed at dossier-build (Amendment 4; no-record -> uncertain),
P282,1170991,DCT Industrial Trust Inc.  (CIK 0001170991),control,control,PASS,whole-company acquisition; acquirer-reporting + outcome observability assessed at dossier-build (Amendment 4; no-record -> uncertain),
P283,1373561,"NewStar Financial, Inc.  (CIK 0001373561)",control,control,PASS,whole-company acquisition; acquirer-reporting + outcome observability assessed at dossier-build (Amendment 4; no-record -> uncertain),
P284,724606,PANERA BREAD CO  (CIK 0000724606),control,control,PASS,whole-company acquisition; acquirer-reporting + outcome observability assessed at dossier-build (Amendment 4; no-record -> uncertain),
P285,1047170,EASTERN VIRGINIA BANKSHARES INC  (CIK 0001047170),control,control,PASS,whole-company acquisition; acquirer-reporting + outcome observability assessed at dossier-build (Amendment 4; no-record -> uncertain),
P286,1053532,LaSalle Hotel Properties  (CIK 0001053532),control,control,PASS,whole-company acquisition; acquirer-reporting + outcome observability assessed at dossier-build (Amendment 4; no-record -> uncertain),
P287,1060009,"KINDRED HEALTHCARE, INC  (CIK 0001060009)",control,control,PASS,whole-company acquisition; acquirer-reporting + outcome observability assessed at dossier-build (Amendment 4; no-record -> uncertain),
P288,1355096,"Liberty Interactive Corp  (QRTEA, QRTEB, QRTEP)  (CIK 0001355096)",control,control,PASS,whole-company acquisition; acquirer-reporting + outcome observability assessed at dossier-build (Amendment 4; no-record -> uncertain),
P289,1434729,"HSN, Inc.  (CIK 0001434729)",control,control,PASS,whole-company acquisition; acquirer-reporting + outcome observability assessed at dossier-build (Amendment 4; no-record -> uncertain),
P290,356028,"CA, INC.  (CIK 0000356028)",control,control,PASS,whole-company acquisition; acquirer-reporting + outcome observability assessed at dossier-build (Amendment 4; no-record -> uncertain),
P291,1569391,"KCG Holdings, Inc.  (CIK 0001569391)",control,control,PASS,whole-company acquisition; acquirer-reporting + outcome observability assessed at dossier-build (Amendment 4; no-record -> uncertain),
P292,87565,SCHULMAN A INC  (CIK 0000087565),control,control,PASS,whole-company acquisition; acquirer-reporting + outcome observability assessed at dossier-build (Amendment 4; no-record -> uncertain),
P293,1498415,"HCBF Holding Company, Inc.  (CIK 0001498415)",control,control,PASS,whole-company acquisition; acquirer-reporting + outcome observability assessed at dossier-build (Amendment 4; no-record -> uncertain),
P294,1682745,"Gores Holdings II, Inc.  (VRRM)  (CIK 0001682745)",control,control,PASS,whole-company acquisition; acquirer-reporting + outcome observability assessed at dossier-build (Amendment 4; no-record -> uncertain),
P295,1302343,"Education Realty Trust, Inc.  (CIK 0001302343)",control,control,PASS,whole-company acquisition; acquirer-reporting + outcome observability assessed at dossier-build (Amendment 4; no-record -> uncertain),
P296,1735828,Legacy Reserves Inc.  (CIK 0001735828),control,control,PASS,whole-company acquisition; acquirer-reporting + outcome observability assessed at dossier-build (Amendment 4; no-record -> uncertain),
P297,1601545,"Blue Hills Bancorp, Inc.  (CIK 0001601545)",control,control,PASS,whole-company acquisition; acquirer-reporting + outcome observability assessed at dossier-build (Amendment 4; no-record -> uncertain),
P298,1476264,"WashingtonFirst Bankshares, Inc.  (CIK 0001476264)",control,control,PASS,whole-company acquisition; acquirer-reporting + outcome observability assessed at dossier-build (Amendment 4; no-record -> uncertain),
P299,1599947,"TerraForm Power, Inc.  (CIK 0001599947)",control,control,PASS,whole-company acquisition; acquirer-reporting + outcome observability assessed at dossier-build (Amendment 4; no-record -> uncertain),
P300,1518222,"Bankrate, Inc.  (CIK 0001518222)",control,control,PASS,whole-company acquisition; acquirer-reporting + outcome observability assessed at dossier-build (Amendment 4; no-record -> uncertain),
P301,920424,"INVESTMENT TECHNOLOGY GROUP, INC.  (CIK 0000920424)",control,control,PASS,whole-company acquisition; acquirer-reporting + outcome observability assessed at dossier-build (Amendment 4; no-record -> uncertain),
P302,39677,"AV Homes, Inc.  (CIK 0000039677)",control,control,PASS,whole-company acquisition; acquirer-reporting + outcome observability assessed at dossier-build (Amendment 4; no-record -> uncertain),
P303,1275283,REYNOLDS AMERICAN INC  (CIK 0001275283),control,control,PASS,whole-company acquisition; acquirer-reporting + outcome observability assessed at dossier-build (Amendment 4; no-record -> uncertain),
P304,1039684,ONEOK INC /NEW/  (OKE)  (CIK 0001039684),control,control,PASS,whole-company acquisition; acquirer-reporting + outcome observability assessed at dossier-build (Amendment 4; no-record -> uncertain),
P305,875159,XL GROUP LTD  (CIK 0000875159),control,control,PASS,whole-company acquisition; acquirer-reporting + outcome observability assessed at dossier-build (Amendment 4; no-record -> uncertain),
P306,1533932,"Vantiv, Inc.  (CIK 0001533932)",control,control,PASS,whole-company acquisition; acquirer-reporting + outcome observability assessed at dossier-build (Amendment 4; no-record -> uncertain),
P307,726513,TRIBUNE MEDIA CO  (CIK 0000726513),control,control,PASS,whole-company acquisition; acquirer-reporting + outcome observability assessed at dossier-build (Amendment 4; no-record -> uncertain),
P308,1676479,"CapStar Financial Holdings, Inc.  (CIK 0001676479)",control,control,PASS,whole-company acquisition; acquirer-reporting + outcome observability assessed at dossier-build (Amendment 4; no-record -> uncertain),
P309,865436,WHOLE FOODS MARKET INC  (CIK 0000865436),control,control,PASS,whole-company acquisition; acquirer-reporting + outcome observability assessed at dossier-build (Amendment 4; no-record -> uncertain),
P310,791519,STAPLES INC  (CIK 0000791519),control,control,PASS,whole-company acquisition; acquirer-reporting + outcome observability assessed at dossier-build (Amendment 4; no-record -> uncertain),
P311,1267130,CABELAS INC  (CIK 0001267130),control,control,PASS,whole-company acquisition; acquirer-reporting + outcome observability assessed at dossier-build (Amendment 4; no-record -> uncertain),
P312,808461,"GCI LIBERTY, INC.  (CIK 0000808461)",control,control,PASS,whole-company acquisition; acquirer-reporting + outcome observability assessed at dossier-build (Amendment 4; no-record -> uncertain),
P313,85408,ROWAN COMPANIES PLC  (CIK 0000085408),control,control,PASS,whole-company acquisition; acquirer-reporting + outcome observability assessed at dossier-build (Amendment 4; no-record -> uncertain),
P314,277595,ENERGEN CORP  (CIK 0000277595),control,control,PASS,whole-company acquisition; acquirer-reporting + outcome observability assessed at dossier-build (Amendment 4; no-record -> uncertain),
P315,10254,EARTHSTONE ENERGY INC  (CIK 0000010254),control,control,PASS,whole-company acquisition; acquirer-reporting + outcome observability assessed at dossier-build (Amendment 4; no-record -> uncertain),
P316,93859,BIGLARI HOLDINGS INC.  (CIK 0000093859),control,control,PASS,whole-company acquisition; acquirer-reporting + outcome observability assessed at dossier-build (Amendment 4; no-record -> uncertain),
P317,1412232,VWR Corp  (CIK 0001412232),control,control,PASS,whole-company acquisition; acquirer-reporting + outcome observability assessed at dossier-build (Amendment 4; no-record -> uncertain),
P318,1208208,"DIGITALGLOBE, INC.  (CIK 0001208208)",control,control,PASS,whole-company acquisition; acquirer-reporting + outcome observability assessed at dossier-build (Amendment 4; no-record -> uncertain),
P319,878560,"CalAtlantic Group, Inc.  (CIK 0000878560)",control,control,PASS,whole-company acquisition; acquirer-reporting + outcome observability assessed at dossier-build (Amendment 4; no-record -> uncertain),
P320,1610950,"INC Research Holdings, Inc.  (CIK 0001610950)",control,control,PASS,whole-company acquisition; acquirer-reporting + outcome observability assessed at dossier-build (Amendment 4; no-record -> uncertain),
P321,1348259,VALIDUS HOLDINGS LTD  (CIK 0001348259),control,control,PASS,whole-company acquisition; acquirer-reporting + outcome observability assessed at dossier-build (Amendment 4; no-record -> uncertain),
P322,1568669,"PENNYMAC FINANCIAL SERVICES, INC.  (CIK 0001568669)",control,control,PASS,whole-company acquisition; acquirer-reporting + outcome observability assessed at dossier-build (Amendment 4; no-record -> uncertain),
P323,1657197,"Cotiviti Holdings, Inc.  (CIK 0001657197)",control,control,PASS,whole-company acquisition; acquirer-reporting + outcome observability assessed at dossier-build (Amendment 4; no-record -> uncertain),
P324,777491,CH2M HILL COMPANIES LTD  (CIK 0000777491),control,control,PASS,whole-company acquisition; acquirer-reporting + outcome observability assessed at dossier-build (Amendment 4; no-record -> uncertain),
P325,1590584,Civeo Corp  (CVEO)  (CIK 0001590584),control,control,PASS,whole-company acquisition; acquirer-reporting + outcome observability assessed at dossier-build (Amendment 4; no-record -> uncertain),
P326,1179060,"EnLink Midstream Partners, LP  (CIK 0001179060)",control,control,PASS,whole-company acquisition; acquirer-reporting + outcome observability assessed at dossier-build (Amendment 4; no-record -> uncertain),
P327,1520566,Nationstar Mortgage Holdings Inc.  (CIK 0001520566),control,control,PASS,whole-company acquisition; acquirer-reporting + outcome observability assessed at dossier-build (Amendment 4; no-record -> uncertain),
P328,1543643,CU Bancorp  (CIK 0001543643),control,control,PASS,whole-company acquisition; acquirer-reporting + outcome observability assessed at dossier-build (Amendment 4; no-record -> uncertain),
P329,1157377,ADVISORY BOARD CO  (CIK 0001157377),control,control,PASS,whole-company acquisition; acquirer-reporting + outcome observability assessed at dossier-build (Amendment 4; no-record -> uncertain),
P330,1690769,Silver Run Acquisition Corp II  (CIK 0001690769),control,control,PASS,whole-company acquisition; acquirer-reporting + outcome observability assessed at dossier-build (Amendment 4; no-record -> uncertain),
P331,754737,SCANA CORP  (CIK 0000754737),control,control,PASS,whole-company acquisition; acquirer-reporting + outcome observability assessed at dossier-build (Amendment 4; no-record -> uncertain),
P332,799729,PAREXEL INTERNATIONAL CORP  (CIK 0000799729),control,control,PASS,whole-company acquisition; acquirer-reporting + outcome observability assessed at dossier-build (Amendment 4; no-record -> uncertain),
P333,1476651,"FCB FINANCIAL HOLDINGS, INC.  (CIK 0001476651)",control,control,PASS,whole-company acquisition; acquirer-reporting + outcome observability assessed at dossier-build (Amendment 4; no-record -> uncertain),
P334,1163199,FNB BANCORP/CA/  (CIK 0001163199),control,control,PASS,whole-company acquisition; acquirer-reporting + outcome observability assessed at dossier-build (Amendment 4; no-record -> uncertain),
P335,1404973,"Energy XXI Gulf Coast, Inc.  (CIK 0001404973)",control,control,PASS,whole-company acquisition; acquirer-reporting + outcome observability assessed at dossier-build (Amendment 4; no-record -> uncertain),
P336,920760,"LENNAR CORP /NEW/  (LEN, LEN-B)  (CIK 0000920760)",control,control,PASS,whole-company acquisition; acquirer-reporting + outcome observability assessed at dossier-build (Amendment 4; no-record -> uncertain),
P337,1606363,"Green Bancorp, Inc.  (CIK 0001606363)",control,control,PASS,whole-company acquisition; acquirer-reporting + outcome observability assessed at dossier-build (Amendment 4; no-record -> uncertain),
P338,1479750,Capital Bank Financial Corp.  (CIK 0001479750),control,control,PASS,whole-company acquisition; acquirer-reporting + outcome observability assessed at dossier-build (Amendment 4; no-record -> uncertain),
P339,1172139,BILL BARRETT CORP  (CIK 0001172139),control,control,PASS,whole-company acquisition; acquirer-reporting + outcome observability assessed at dossier-build (Amendment 4; no-record -> uncertain),
P340,701221,CIGNA CORP  (CIK 0000701221),control,control,PASS,whole-company acquisition; acquirer-reporting + outcome observability assessed at dossier-build (Amendment 4; no-record -> uncertain),
P341,1698514,"National Energy Services Reunited Corp.  (NESR, NESRW)  (CIK 0001698514)",control,control,PASS,whole-company acquisition; acquirer-reporting + outcome observability assessed at dossier-build (Amendment 4; no-record -> uncertain),
P342,1369817,"OneBeacon Insurance Group, Ltd.  (CIK 0001369817)",control,control,PASS,whole-company acquisition; acquirer-reporting + outcome observability assessed at dossier-build (Amendment 4; no-record -> uncertain),
P343,1615418,Beneficial Bancorp Inc.  (CIK 0001615418),control,control,PASS,whole-company acquisition; acquirer-reporting + outcome observability assessed at dossier-build (Amendment 4; no-record -> uncertain),
P344,1678531,Envision Healthcare Corp  (CIK 0001678531),control,control,PASS,whole-company acquisition; acquirer-reporting + outcome observability assessed at dossier-build (Amendment 4; no-record -> uncertain),
P345,1380393,Fortress Investment Group LLC  (CIK 0001380393),control,control,PASS,whole-company acquisition; acquirer-reporting + outcome observability assessed at dossier-build (Amendment 4; no-record -> uncertain),
P346,1027884,CHICAGO BRIDGE & IRON CO N V  (CIK 0001027884),control,control,PASS,whole-company acquisition; acquirer-reporting + outcome observability assessed at dossier-build (Amendment 4; no-record -> uncertain),
P347,1096385,VECTREN CORP  (CIK 0001096385),control,control,PASS,whole-company acquisition; acquirer-reporting + outcome observability assessed at dossier-build (Amendment 4; no-record -> uncertain),
P348,1610793,"State National Companies, Inc.  (CIK 0001610793)",control,control,PASS,whole-company acquisition; acquirer-reporting + outcome observability assessed at dossier-build (Amendment 4; no-record -> uncertain),
P349,793547,NAVIGATORS GROUP INC  (CIK 0000793547),control,control,PASS,whole-company acquisition; acquirer-reporting + outcome observability assessed at dossier-build (Amendment 4; no-record -> uncertain),
P350,1649749,FB Financial Corp  (FBK)  (CIK 0001649749),control,control,PASS,whole-company acquisition; acquirer-reporting + outcome observability assessed at dossier-build (Amendment 4; no-record -> uncertain),
