slot,case_id,deal,stratum,role,matched_to,gate_status,cik,form,filing_date,accession,sic,sic_desc,size_usd,deal_value_usd,parent_cik,signal
1,P001,Fortive Corp  (FTV)  (CIK 0001659166),carve_out,gap_prone,,PASS,1659166,10-12B,2016-04-07,0001193125-16-533838,3823,"Industrial Instruments For Measurement, Display, and Control",8189800000,,,"""distribution ratio"" ""separation agreement"""
2,P002,CSAB Inc.  (KDP)  (CIK 0001418135),carve_out,gap_prone,,PASS,1418135,10-12B,2007-11-13,0000950134-07-023765,2080,Beverages,8638000000,,,"""distribution ratio"" ""separation agreement"""
3,P003,CareFusion Corp  (CIK 0001457543),carve_out,gap_prone,,PASS,1457543,10-12B,2009-05-14,0000950123-09-008871,3841,Surgical & Medical Instruments & Apparatus,8071000000,,,"""distribution ratio"" ""separation agreement"""
4,P004,AOL Inc.  (CIK 0001468516),carve_out,gap_prone,,PASS,1468516,10-12B,2009-09-16,0001193125-09-192456,7374,Services-Computer Processing & Data Preparation,2962300000,,,"""distribution ratio"" ""separation agreement"""
5,P005,"Gannett SpinCo, Inc.  (CIK 0001635718)",carve_out,gap_prone,,PASS,1635718,10-12B,2015-03-12,0001047469-15-002032,2711,Newspapers: Publishing or  Publishing & Printing,2427799000,,,"""distribution ratio"" ""separation agreement"""
6,P006,"Brighthouse Financial, Inc.  (BHF, BHFAL, BHFAM, BHFAN, BHFAO, BHFAP)  (CIK 0001685040)",carve_out,gap_prone,,PASS,1685040,10-12B,2017-04-18,0001193125-17-126443,6311,Life Insurance,224192000000,,,"""distribution ratio"" ""separation agreement"""
7,P007,"Corteva, Inc.  (CTVA)  (CIK 0001755672)",carve_out,gap_prone,,PASS,1755672,10-12B,2018-12-19,0001193125-18-352727,0100,Agricultural Production-Crops,108683000000,,,"""distribution ratio"" ""separation agreement"""
8,P008,"HSN, Inc.  (CIK 0001434729)",carve_out,gap_prone,,PASS,1434729,10-12B,2008-07-22,0001047469-08-008292,5940,Retail-Miscellaneous Shopping Goods Stores,1218650000,,,"""distribution ratio"" ""separation agreement"""
9,P009,CONSOL Mining Corp  (CEIX)  (CIK 0001710366),carve_out,gap_prone,,PASS,1710366,10-12B,2017-07-11,0001193125-17-225493,1220,Silver Ores,2707099000,,,"""distribution ratio"" ""separation agreement"""
10,P010,"Cable One, Inc.  (CABO)  (CIK 0001632127)",carve_out,gap_prone,,PASS,1632127,10-12B,2015-04-17,0001193125-15-136053,4841,Cable & Other Pay Television Services,1398805000,,,"""distribution ratio"" ""separation agreement"""
11,P011,Baxalta Inc  (CIK 0001620546),carve_out,gap_prone,,PASS,1620546,10-12B,2015-05-29,0001193125-15-204641,2834,Pharmaceutical Preparations,12329000000,,,"""distribution ratio"" ""separation agreement"""
12,P012,"Hertz Rental Car Holding Company, Inc.  (HTZ, HTZWW)  (CIK 0001657853)",carve_out,gap_prone,,PASS,1657853,10-12B,2016-04-18,0001657853-16-000015,7510,Services-Auto Rental & Leasing (No Drivers),19155000000,,,"""distribution ratio"" ""separation agreement"""
13,P013,"Rouse Properties, Inc.  (CIK 0001528558)",carve_out,gap_prone,,PASS,1528558,10-12B,2011-12-20,0001047469-11-010146,6500,Real Estate,1583524000,,,"""distribution ratio"" ""separation agreement"""
14,P014,"frontdoor, inc.  (FTDR)  (CIK 0001727263)",carve_out,gap_prone,,PASS,1727263,10-12B,2018-08-01,0001047469-18-005362,7340,Services-To Dwellings & Other Buildings,1041000000,,,"""distribution ratio"" ""separation agreement"""
15,P015,Hewlett Packard Enterprise Co  (HPE)  (CIK 0001645590),carve_out,gap_prone,,PASS,1645590,10-12B,2015-09-15,0001193125-15-320565,3570,Computer & office Equipment,77352000000,,,"""distribution ratio"" ""separation agreement"""
16,P016,Alcoa Upstream Corp  (AA)  (CIK 0001675149),carve_out,gap_prone,,PASS,1675149,10-12B,2016-09-13,0001193125-16-708643,3334,Primary Production of  Aluminum,16741000000,,,"""distribution ratio"" ""separation agreement"""
17,P017,Babcock & Wilcox Co  (BWXT)  (CIK 0001486957),carve_out,gap_prone,,PASS,1486957,10-12B,2010-03-12,0001193125-10-055423,3510,Engines & Turbines,2500510000,,,"""distribution ratio"" ""separation agreement"""
18,P018,Urban Edge Properties  (UE)  (CIK 0001611547),carve_out,gap_prone,,PASS,1611547,10-12B,2014-12-11,0001047469-14-009844,6500,Real Estate,1731176000,,,"""distribution ratio"" ""separation agreement"""
19,P019,Adient Ltd  (ADNT)  (CIK 0001670541),carve_out,gap_prone,,PASS,1670541,10-12B,2016-09-20,0001047469-16-015575,3714,Motor Vehicle Parts & Accessories,11257000000,,,"""distribution ratio"" ""separation agreement"""
20,P020,"Versum Materials, LLC  (CIK 0001660690)",carve_out,gap_prone,,PASS,1660690,10-12B,2016-08-26,0001193125-16-692200,2890,Miscellaneous Chemical Products,1087500000,,,"""distribution ratio"" ""separation agreement"""
21,P021,"WPX ENERGY, INC.  (CIK 0001518832)",carve_out,gap_prone,,PASS,1518832,10-12B,2011-12-02,0000950123-11-101646,1311,Crude Petroleum & Natural Gas,10432000000,,,"""distribution ratio"" ""separation agreement"""
22,P022,Dow Holdings Inc.  (DOW)  (CIK 0001751788),carve_out,gap_prone,,PASS,1751788,10-12B,2018-09-07,0001193125-18-268647,2821,"Plastic Materials, Synth Resins & Nonvulcan Elastomers",83699000000,,,"""distribution ratio"" ""separation agreement"""
23,P023,SPG SpinCo Subsidiary Inc.  (CIK 0001594686),carve_out,gap_prone,,PASS,1594686,10-12B,2014-02-12,0001047469-14-000794,6798,Real Estate Investment Trusts,3528003000,,,"""distribution ratio"" ""separation agreement"""
24,P024,WABCO Holdings Inc.  (CIK 0001390844),carve_out,gap_prone,,PASS,1390844,10-12B,2007-05-23,0001193125-07-121554,3711,Motor Vehicles & Passenger Car Bodies,1715600000,,,"""distribution ratio"" ""separation agreement"""
25,P025,TimkenSteel Corp  (MTUS)  (CIK 0001598428),carve_out,gap_prone,,PASS,1598428,10-12B,2014-05-15,0001193125-14-201428,3312,"Steel Works, Blast Furnaces & Rolling Mills (Coke Ovens)",1364100000,,,"""distribution ratio"" ""separation agreement"""
26,P026,"Babcock & Wilcox Enterprises, Inc.  (BW, BWNB, BWSN, BW-PA)  (CIK 0001630805)",carve_out,gap_prone,,PASS,1630805,10-12B,2015-06-09,0001193125-15-216714,3433,"Heating Equipment, Except Electric & Warm Air Furnaces",1663045000,,,"""distribution ratio"" ""separation agreement"""
27,P027,EchoStar Holding CORP  (SATS)  (CIK 0001415404),carve_out,gap_prone,,PASS,1415404,10-12B,2007-12-12,0001035704-07-000816,4899,"Communications Services, NEC",3468068000,,,"""distribution ratio"" ""separation agreement"""
28,P028,"Keysight Technologies, Inc.  (KEYS)  (CIK 0001601046)",carve_out,gap_prone,,PASS,1601046,10-12B,2014-09-22,0001047469-14-007795,3823,"Industrial Instruments For Measurement, Display, and Control",3029000000,,,"""distribution ratio"" ""separation agreement"""
29,P029,Delphi Jersey Holdings plc  (CIK 0001707092),carve_out,gap_prone,,PASS,1707092,10-12B,2017-09-07,0001193125-17-279255,3714,Motor Vehicle Parts & Accessories,3793000000,,,"""distribution ratio"" ""separation agreement"""
30,P030,Patriot Coal CORP  (CIK 0001376812),carve_out,gap_prone,,PASS,1376812,10-12B,2007-08-20,0000950137-07-012653,1220,Silver Ores,3618163000,,,"""distribution ratio"" ""separation agreement"""
31,P031,PARAGON OFFSHORE LTD.  (CIK 0001594590),carve_out,gap_prone,,PASS,1594590,10-12B,2014-07-14,0001193125-14-266775,1381,Drilling Oil & Gas Wells,3253389000,,,"""distribution ratio"" ""separation agreement"""
32,P032,"Lamb Weston Holdings, Inc.  (LW)  (CIK 0001679273)",carve_out,gap_prone,,PASS,1679273,10-12B,2016-08-26,0001193125-16-693702,2030,"Canned, Frozen & Preservd Fruit, Veg & Food Specialties",2400200000,,,"""distribution ratio"" ""separation agreement"""
33,P033,AbbVie Inc.  (ABBV)  (CIK 0001551152),carve_out,gap_prone,,PASS,1551152,10-12B,2012-11-30,0001047469-12-010903,2834,Pharmaceutical Preparations,27008000000,,,"""distribution ratio"" ""separation agreement"""
34,P034,"California Resources Corp  (CRC, CRCQW)  (CIK 0001609253)",carve_out,gap_prone,,PASS,1609253,10-12B,2014-08-20,0001047469-14-007128,1311,Crude Petroleum & Natural Gas,12429000000,,,"""distribution ratio"" ""separation agreement"""
35,P035,"PNK Entertainment, Inc.  (CIK 0001656239)",carve_out,gap_prone,,PASS,1656239,10-12B,2015-12-22,0001193125-15-410962,7011,Hotels & Motels,4530911000,,,"""distribution ratio"" ""separation agreement"""
36,P036,CHESAPEAKE OILFIELD OPERATING LLC  (CIK 0001532930),carve_out,gap_prone,,PASS,1532930,10-12B,2014-06-13,0001193125-14-236450,1389,"Oil & Gas Field Services, NEC",2290293000,,,"""distribution ratio"" ""separation agreement"""
37,P037,Chemours Co  (CC)  (CIK 0001627223),carve_out,gap_prone,,PASS,1627223,10-12B,2015-05-13,0001193125-15-186063,2800,Chemicals & Allied Products,6298000000,,,"""distribution ratio"" ""separation agreement"""
38,P038,"Motorola Mobility Holdings, Inc  (CIK 0001495569)",carve_out,gap_prone,,PASS,1495569,10-12B,2010-10-08,0001193125-10-226923,3663,Radio & Tv Broadcasting & Communications Equipment,6204000000,,,"""distribution ratio"" ""separation agreement"""
39,P039,Exterran Corp  (CIK 0001635881),carve_out,gap_prone,,PASS,1635881,10-12B,2015-07-09,0001047469-15-006019,7359,"Services-Equipment Rental & Leasing, NEC",1788396000,,,"""distribution ratio"" ""separation agreement"""
40,P040,Time Inc.  (CIK 0001591517),carve_out,gap_prone,,PASS,1591517,10-12B,2014-03-07,0001193125-14-089381,2721,Periodicals: Publishing or  Publishing & Printing,5896000000,,,"""distribution ratio"" ""separation agreement"""
41,P041,"ONE Gas, Inc.  (OGS)  (CIK 0001587732)",carve_out,gap_prone,,PASS,1587732,10-12B,2013-11-21,0001193125-13-448833,4924,Natural Gas Distribution,3846475000,,,"""distribution ratio"" ""separation agreement"""
42,P042,Varex Imaging Corp  (VREX)  (CIK 0001681622),carve_out,gap_prone,,PASS,1681622,10-12B,2017-01-12,0001193125-17-008082,3679,"Electronic Components, NEC",1020100000,,,"""distribution ratio"" ""separation agreement"""
43,P043,Phillips 66  (PSX)  (CIK 0001534701),carve_out,gap_prone,,PASS,1534701,10-12B,2012-03-01,0001193125-12-091773,2911,Petroleum Refining,48073000000,,,"""distribution ratio"" ""separation agreement"""
44,P044,Rayonier Holding Co  (RYAM)  (CIK 0001597672),carve_out,gap_prone,,PASS,1597672,10-12B,2014-01-29,0001193125-14-025522,2611,Pulp Mills,1303880000,,,"""distribution ratio"" ""separation agreement"""
45,P045,PARKER HANNIFIN CORP  (PH)  (CIK 0000076334),joint_venture,gap_prone,,PASS,76334,8-K,2014-01-22,0000076334-14-000005,3490,Miscellaneous Fabricated Metal Products,12568399000,,,"""joint venture agreement"""
46,P046,SWIFT ENERGY CO  (CIK 0000351817),joint_venture,gap_prone,,PASS,351817,10-K,2011-02-24,0000351817-11-000012,1311,Crude Petroleum & Natural Gas,2216437000,,,"""joint venture agreement"""
47,P047,"Inland American Real Estate Trust, Inc.  (IVT)  (CIK 0001307748)",joint_venture,gap_prone,,PASS,1307748,8-K,2009-05-29,0001104659-09-035874,6798,Real Estate Investment Trusts,11391502000,,,"""joint venture agreement"""
48,P048,COLUMBIA SPORTSWEAR CO  (COLM)  (CIK 0001050797),joint_venture,gap_prone,,PASS,1050797,8-K,2012-08-08,0001193125-12-343820,2300,Apparel & Other Finishd Prods of  Fabrics & Similar Matl,1458842000,,,"""joint venture agreement"""
49,P049,GOODYEAR TIRE & RUBBER CO /OH/  (GT)  (CIK 0000042582),joint_venture,gap_prone,,PASS,42582,10-K,2008-02-14,0000950152-08-001092,3011,Tires & Inner Tubes,14410000000,,,"""joint venture agreement"""
50,P050,SunEdison Semiconductor Ltd  (CIK 0001585854),joint_venture,gap_prone,,PASS,1585854,8-K,2014-06-02,0001193125-14-222549,3674,Semiconductors & Related Devices,1175800000,,,"""joint venture agreement"""
51,P051,POLARIS INDUSTRIES INC/MN  (PII)  (CIK 0000931015),joint_venture,gap_prone,,PASS,931015,8-K,2011-03-01,0000950123-11-020591,3790,Miscellaneous Transportation Equipment,1228024000,,,"""joint venture agreement"""
52,P052,"MOLSON COORS BREWING CO  (TAP, TAP-A)  (CIK 0000024545)",joint_venture,gap_prone,,PASS,24545,8-K,2007-12-21,0001104659-07-090365,2082,Malt Beverages,10386600000,,,"""joint venture agreement"""
53,P053,REX ENERGY CORP  (CIK 0001397516),joint_venture,gap_prone,,PASS,1397516,8-K,2015-04-02,0001193125-15-117866,1311,Crude Petroleum & Natural Gas,1071931000,,,"""joint venture agreement"""
54,P054,MICRON TECHNOLOGY INC  (MU)  (CIK 0000723125),joint_venture,gap_prone,,PASS,723125,8-K,2008-11-26,0000723125-08-000116,3674,Semiconductors & Related Devices,11726000000,,,"""joint venture agreement"""
55,P055,Owens Corning  (OC)  (CIK 0001370946),joint_venture,gap_prone,,PASS,1370946,8-K,2007-02-21,0001193125-07-035988,3290,"Abrasive, Asbestos & Misc Nonmetallic Mineral Prods",7167000000,,,"""joint venture agreement"""
56,P056,CENTRAL EUROPEAN DISTRIBUTION CORP  (CIK 0001046880),joint_venture,gap_prone,,PASS,1046880,8-K,2008-05-30,0001193125-08-125713,5180,"Wholesale-Beer, Wine & Distilled Alcoholic Beverages",4439100000,,,"""joint venture agreement"""
57,P057,ALTABA INC.  (CIK 0001011006),joint_venture,gap_prone,,PASS,1011006,8-K,2018-07-10,0001193125-18-214960,,,48083079000,,,"""joint venture agreement"""
58,P058,"HECLA MINING CO/DE/  (HL, HL-PB)  (CIK 0000719413)",joint_venture,gap_prone,,PASS,719413,8-K,2008-11-10,0000897101-08-002254,1400,Mining & Quarrying of  Nonmetallic Minerals (No Fuels),1046784000,,,"""joint venture agreement"""
59,P059,COSTCO WHOLESALE CORP /NEW  (COST)  (CIK 0000909832),joint_venture,gap_prone,,PASS,909832,10-K,2011-10-14,0001193125-11-271844,5331,Retail-Variety Stores,28004000000,,,"""joint venture agreement"""
60,P060,RADIOSHACK CORP  (CIK 0000096289),joint_venture,gap_prone,,PASS,96289,10-K,2013-02-26,0000096289-13-000010,5731,"Retail-Radio, Tv & Consumer Electronics Stores",1591200000,,,"""joint venture agreement"""
61,P061,WEIGHT WATCHERS INTERNATIONAL INC  (WW)  (CIK 0000105319),joint_venture,gap_prone,,PASS,105319,8-K,2011-04-28,0001193125-11-115257,7200,Services-Personal Services,1121628000,,,"""joint venture agreement"""
62,P062,Pattern Energy Group Inc.  (CIK 0001561660),joint_venture,gap_prone,,PASS,1561660,8-K,2017-06-19,0000950103-17-005834,4911,Electric Services,4742000000,,,"""joint venture agreement"""
63,P063,APOLLO GROUP INC  (CIK 0000929887),joint_venture,gap_prone,,PASS,929887,10-K,2009-10-27,0000950123-09-053647,8200,Services-Educational Services,3265034000,,,"""joint venture agreement"""
64,P064,SAUER DANFOSS INC  (CIK 0000865754),joint_venture,gap_prone,,PASS,865754,8-K,2012-10-31,0000865754-12-000051,3590,Misc Industrial & Commercial Machinery & Equipment,1398959000,,,"""joint venture agreement"""
65,P065,CLOUD PEAK ENERGY INC.  (CIK 0001441849),joint_venture,gap_prone,,PASS,1441849,8-K,2012-01-24,0001104659-12-003562,1221,Bituminous Coal & Lignite Surface Mining,2351323000,,,"""joint venture agreement"""
66,P066,"Parkway, Inc.  (CIK 0001677761)",joint_venture,gap_prone,,PASS,1677761,8-K,2017-04-20,0001193125-17-130778,6798,Real Estate Investment Trusts,2163895000,,,"""joint venture agreement"""
67,P067,MEMC ELECTRONIC MATERIALS INC  (CIK 0000945436),joint_venture,gap_prone,,PASS,945436,8-K,2011-02-22,0001144204-11-009955,3674,Semiconductors & Related Devices,4881600000,,,"""joint venture agreement"""
68,P068,SOTHEBYS  (CIK 0000823094),joint_venture,gap_prone,,PASS,823094,8-K,2012-10-02,0000823094-12-000016,7389,"Services-Business Services, NEC",2575095000,,,"""joint venture agreement"""
69,P069,"ENTERPRISE PRODUCTS PARTNERS L P  (EPD, EPDU)  (CIK 0001061219)",joint_venture,gap_prone,,PASS,1061219,8-K,2006-02-17,0001061219-06-000015,4922,Natural Gas Transmission,22515500000,,,"""joint venture agreement"""
70,P070,"EQUITY ONE, INC.  (CIK 0001042810)",joint_venture,gap_prone,,PASS,1042810,8-K,2011-01-07,0000950123-11-001490,6798,Real Estate Investment Trusts,3222571000,,,"""joint venture agreement"""
71,P071,PIEDMONT NATURAL GAS CO INC  (CIK 0000078460),joint_venture,gap_prone,,PASS,78460,8-K,2014-09-02,0001299933-14-001348,4924,Natural Gas Distribution,5049088000,,,"""joint venture agreement"""
72,P072,Hilton Grand Vacations Inc.  (HGV)  (CIK 0001674168),joint_venture,gap_prone,,PASS,1674168,8-K,2017-07-21,0001193125-17-232892,7000,"Hotels, Rooming Houses, Camps & Other Lodging Places",2384000000,,,"""joint venture agreement"""
73,P073,"TIDEWATER INC  (TDW, TDDWW, TDGMW, TDW-WT)  (CIK 0000098222)",joint_venture,gap_prone,,PASS,98222,8-K,2011-02-25,0001193125-11-047707,4400,Water Transportation,3877867000,,,"""joint venture agreement"""
74,P074,"MPG Office Trust, Inc.  (CIK 0001204560)",joint_venture,gap_prone,,PASS,1204560,8-K,2012-03-30,0001204560-12-000018,6798,Real Estate Investment Trusts,1466859000,,,"""joint venture agreement"""
75,P075,SKECHERS USA INC  (SKX)  (CIK 0001065837),joint_venture,gap_prone,,PASS,1065837,8-K,2010-02-04,0001299933-10-000470,3140,"Footwear, (No Rubber)",1304794000,,,"""joint venture agreement"""
76,P076,CYPRESS SEMICONDUCTOR CORP /DE/  (CIK 0000791915),joint_venture,gap_prone,,PASS,791915,8-K,2018-10-25,0001104659-18-063951,3674,Semiconductors & Related Devices,3693215000,,,"""joint venture agreement"""
77,P077,CROSSTEX ENERGY LP  (CIK 0001179060),joint_venture,gap_prone,,PASS,1179060,8-K,2011-07-12,0001104659-11-038694,4922,Natural Gas Transmission,1955331000,,,"""joint venture agreement"""
78,P078,"PHILLIPS EDISON GROCERY CENTER REIT II, INC.  (CIK 0001581405)",joint_venture,gap_prone,,PASS,1581405,8-K,2016-03-23,0001581405-16-000076,6798,Real Estate Investment Trusts,1486527000,,,"""joint venture agreement"""
79,P079,SUNPOWER CORP  (SPWRQ)  (CIK 0000867773),joint_venture,gap_prone,,PASS,867773,8-K,2010-05-27,0001193125-10-129898,3674,Semiconductors & Related Devices,3379331000,,,"""joint venture agreement"""
80,P080,CHEVRON CORP  (CVX)  (CIK 0000093410),joint_venture,gap_prone,,PASS,93410,10-K,2009-02-26,0000891618-09-000054,2911,Petroleum Refining,273005000000,,,curated:Gorgon LNG JV
81,P081,"FORD MOTOR CO  (F, F-PB, F-PC, F-PD)  (CIK 0000037996)",joint_venture,gap_prone,,PASS,37996,8-K,2012-03-15,0000037996-12-000015,3711,Motor Vehicles & Passenger Car Bodies,210945000000,,,curated:Ford China JV
82,P082,FREEPORT-MCMORAN INC  (FCX)  (CIK 0000831259),joint_venture,gap_prone,,PASS,831259,8-K,2014-11-14,0001193125-14-413217,1000,Metal Mining,64009000000,,,curated:Grasberg JV
83,P083,DOW CHEMICAL CO /DE/  (CIK 0000029915),joint_venture,gap_prone,,PASS,29915,10-K,2011-02-18,0001193125-11-040023,2821,"Plastic Materials, Synth Resins & Nonvulcan Elastomers",70206000000,,,curated:Sadara JV (Dow/Aramco)
84,P084,MARATHON OIL CORP  (MRO)  (CIK 0000101778),joint_venture,gap_prone,,PASS,101778,8-K,2011-05-26,0001193125-11-151791,1311,Crude Petroleum & Natural Gas,73621000000,,,curated:Marathon LNG JV
85,P085,VERIZON COMMUNICATIONS INC  (VZ)  (CIK 0000732712),joint_venture,gap_prone,,PASS,732712,8-K,2011-07-22,0001193125-11-194187,4813,Telephone Communications (No Radiotelephone),276675000000,,,curated:Verizon Wireless JV
86,P086,"COMCAST CORP  (CCZ, CMCSA)  (CIK 0001166691)",joint_venture,gap_prone,,PASS,1166691,10-K,2011-02-25,0001193125-11-047243,4841,Cable & Other Pay Television Services,164971000000,,,curated:NBCUniversal JV
87,P087,CORNING INC /NY  (GLW)  (CIK 0000024741),joint_venture,gap_prone,,PASS,24741,8-K,2012-01-31,0001299933-12-000243,3357,Drawing & Insulating of  Nonferrous Wire,30063000000,,,curated:Dow Corning JV
88,P088,CONOCOPHILLIPS  (COP)  (CIK 0001163165),joint_venture,gap_prone,,PASS,1163165,10-K,2011-02-23,0000950123-11-016957,2911,Petroleum Refining,162881000000,,,curated:Australia Pacific LNG JV
89,P089,"HEALTHCARE TRUST OF AMERICA, INC.  (HR)  (CIK 0001360604)",roll_up,gap_prone,,PASS,1360604,8-K,2014-03-11,0001360604-14-000020,6798,Real Estate Investment Trusts,3031384000,,,"""roll-up"" OR ""roll up strategy"" OR ""consolidation strategy"" OR ""buy-and-build"" OR ""platform acquisition"" OR ""add-on acquisition"""
90,P090,"SUNEDISON, INC.  (CIK 0000945436)",roll_up,gap_prone,,PASS,945436,8-K,2016-05-24,0001193125-16-600567,3674,Semiconductors & Related Devices,11500000000,,,"""roll-up"" OR ""roll up strategy"" OR ""consolidation strategy"" OR ""buy-and-build"" OR ""platform acquisition"" OR ""add-on acquisition"""
91,P091,"Inland American Real Estate Trust, Inc.  (IVT)  (CIK 0001307748)",roll_up,gap_prone,,PASS,1307748,8-K,2007-06-19,0001104659-07-048468,6798,Real Estate Investment Trusts,1058574000,,,"""roll-up"" OR ""roll up strategy"" OR ""consolidation strategy"" OR ""buy-and-build"" OR ""platform acquisition"" OR ""add-on acquisition"""
92,P092,SCHWEITZER MAUDUIT INTERNATIONAL INC  (MATV)  (CIK 0001000623),roll_up,gap_prone,,PASS,1000623,8-K,2013-11-19,0001000623-13-000116,2621,Paper Mills,1224100000,,,"""roll-up"" OR ""roll up strategy"" OR ""consolidation strategy"" OR ""buy-and-build"" OR ""platform acquisition"" OR ""add-on acquisition"""
93,P093,WELLS REAL ESTATE INVESTMENT TRUST II INC  (CIK 0001252849),roll_up,gap_prone,,PASS,1252849,10-K,2009-03-31,0001193125-09-068884,6798,Real Estate Investment Trusts,5371685000,,,"""roll-up"" OR ""roll up strategy"" OR ""consolidation strategy"" OR ""buy-and-build"" OR ""platform acquisition"" OR ""add-on acquisition"""
94,P094,"Blackstone Real Estate Income Trust, Inc.  (BSTT)  (CIK 0001662972)",roll_up,gap_prone,,PASS,1662972,8-K,2017-07-27,0001193125-17-236870,6798,Real Estate Investment Trusts,4625308000,,,"""roll-up"" OR ""roll up strategy"" OR ""consolidation strategy"" OR ""buy-and-build"" OR ""platform acquisition"" OR ""add-on acquisition"""
95,P095,"Compass Diversified Holdings  (CODI, CODI-PA, CODI-PB, CODI-PC)  (CIK 0001345126)",roll_up,gap_prone,,PASS,1345126,8-K,2018-05-02,0001345126-18-000037,2510,Household Furniture,2372335000,,,"""roll-up"" OR ""roll up strategy"" OR ""consolidation strategy"" OR ""buy-and-build"" OR ""platform acquisition"" OR ""add-on acquisition"""
96,P096,Industrial Income Trust Inc.  (CIK 0001464720),roll_up,gap_prone,,PASS,1464720,8-K,2014-03-21,0001193125-14-110223,6500,Real Estate,3627650000,,,"""roll-up"" OR ""roll up strategy"" OR ""consolidation strategy"" OR ""buy-and-build"" OR ""platform acquisition"" OR ""add-on acquisition"""
97,P097,MACK CALI REALTY CORP  (VRE)  (CIK 0000924901),roll_up,gap_prone,,PASS,924901,8-K,2016-07-29,0001104659-16-135131,6798,Real Estate Investment Trusts,4296766000,,,"""roll-up"" OR ""roll up strategy"" OR ""consolidation strategy"" OR ""buy-and-build"" OR ""platform acquisition"" OR ""add-on acquisition"""
98,P098,"PennyMac Mortgage Investment Trust  (PMT, PMTU, PMT-PA, PMT-PB, PMT-PC)  (CIK 0001464423)",roll_up,gap_prone,,PASS,1464423,8-K,2017-05-03,0001564590-17-008429,6798,Real Estate Investment Trusts,5604933000,,,"""roll-up"" OR ""roll up strategy"" OR ""consolidation strategy"" OR ""buy-and-build"" OR ""platform acquisition"" OR ""add-on acquisition"""
99,P099,"NorthStar Real Estate Income Trust, Inc.  (CIK 0001455650)",roll_up,gap_prone,,PASS,1455650,8-K,2018-02-01,0001193125-18-029391,6798,Real Estate Investment Trusts,1768480000,,,"""roll-up"" OR ""roll up strategy"" OR ""consolidation strategy"" OR ""buy-and-build"" OR ""platform acquisition"" OR ""add-on acquisition"""
100,P100,"Nexeo Solutions Holdings, LLC  (CIK 0001540047)",roll_up,gap_prone,,PASS,1540047,8-K,2016-03-21,0001104659-16-106466,5160,Wholesale-Chemicals & Allied Products,1574800000,,,"""roll-up"" OR ""roll up strategy"" OR ""consolidation strategy"" OR ""buy-and-build"" OR ""platform acquisition"" OR ""add-on acquisition"""
101,P101,Dividend Capital Diversified Property Fund Inc.  (CIK 0001327978),roll_up,gap_prone,,PASS,1327978,8-K,2016-08-30,0001327978-16-000021,6798,Real Estate Investment Trusts,1783728000,,,"""roll-up"" OR ""roll up strategy"" OR ""consolidation strategy"" OR ""buy-and-build"" OR ""platform acquisition"" OR ""add-on acquisition"""
102,P102,"COLE CREDIT PROPERTY TRUST IV, INC.  (CMRF)  (CIK 0001498547)",roll_up,gap_prone,,PASS,1498547,10-K,2013-03-29,0001498547-13-000024,6798,Real Estate Investment Trusts,2551649000,,,"""roll-up"" OR ""roll up strategy"" OR ""consolidation strategy"" OR ""buy-and-build"" OR ""platform acquisition"" OR ""add-on acquisition"""
103,P103,AOL Inc.  (CIK 0001468516),roll_up,gap_prone,,PASS,1468516,10-K,2010-03-02,0001193125-10-045310,7374,Services-Computer Processing & Data Preparation,2962300000,,,"""roll-up"" OR ""roll up strategy"" OR ""consolidation strategy"" OR ""buy-and-build"" OR ""platform acquisition"" OR ""add-on acquisition"""
104,P104,"CNO Financial Group, Inc.  (CNO, CNO-PA)  (CIK 0001224608)",roll_up,gap_prone,,PASS,1224608,8-K,2010-06-14,0001224608-10-000028,6321,Accident & Health Insurance,31394900000,,,"""roll-up"" OR ""roll up strategy"" OR ""consolidation strategy"" OR ""buy-and-build"" OR ""platform acquisition"" OR ""add-on acquisition"""
105,P105,IRON MOUNTAIN INC  (IRM)  (CIK 0001020569),roll_up,gap_prone,,PASS,1020569,8-K,2018-04-26,0001020569-18-000052,6798,Real Estate Investment Trusts,11857218000,,,"""roll-up"" OR ""roll up strategy"" OR ""consolidation strategy"" OR ""buy-and-build"" OR ""platform acquisition"" OR ""add-on acquisition"""
106,P106,"Nexeo Solutions, Inc.  (CIK 0001604416)",roll_up,gap_prone,,PASS,1604416,8-K,2016-06-09,0001104659-16-126429,5160,Wholesale-Chemicals & Allied Products,2030400000,,,"""roll-up"" OR ""roll up strategy"" OR ""consolidation strategy"" OR ""buy-and-build"" OR ""platform acquisition"" OR ""add-on acquisition"""
107,P107,INLAND REAL ESTATE CORP  (CIK 0000923284),roll_up,gap_prone,,PASS,923284,10-K,2012-02-27,0001104659-12-012808,6798,Real Estate Investment Trusts,1243405000,,,"""roll-up"" OR ""roll up strategy"" OR ""consolidation strategy"" OR ""buy-and-build"" OR ""platform acquisition"" OR ""add-on acquisition"""
108,P108,Deerfield Capital Corp.  (CIK 0001313918),roll_up,gap_prone,,PASS,1313918,8-K,2008-07-21,0001299933-08-003494,6199,Finance Services,4892822000,,,"""roll-up"" OR ""roll up strategy"" OR ""consolidation strategy"" OR ""buy-and-build"" OR ""platform acquisition"" OR ""add-on acquisition"""
109,P109,"KRATOS DEFENSE & SECURITY SOLUTIONS, INC.  (KTOS)  (CIK 0001069258)",roll_up,gap_prone,,PASS,1069258,8-K,2011-02-07,0001047469-11-000539,3760,Guided Missiles & Space Vehicles & Parts,1216000000,,,"""roll-up"" OR ""roll up strategy"" OR ""consolidation strategy"" OR ""buy-and-build"" OR ""platform acquisition"" OR ""add-on acquisition"""
110,P110,Verso Corp  (CIK 0001421182),roll_up,gap_prone,,PASS,1421182,8-K,2016-01-28,0001193125-16-440657,2621,Paper Mills,1855000000,,,"""roll-up"" OR ""roll up strategy"" OR ""consolidation strategy"" OR ""buy-and-build"" OR ""platform acquisition"" OR ""add-on acquisition"""
111,P111,"COLE CORPORATE INCOME TRUST, INC.  (CIK 0001490626)",roll_up,gap_prone,,PASS,1490626,10-K,2013-03-28,0001490626-13-000027,6798,Real Estate Investment Trusts,2445677000,,,"""roll-up"" OR ""roll up strategy"" OR ""consolidation strategy"" OR ""buy-and-build"" OR ""platform acquisition"" OR ""add-on acquisition"""
112,P112,"ExamWorks Group, Inc.  (CIK 0001498021)",roll_up,gap_prone,,PASS,1498021,8-K,2016-07-19,0001104659-16-133094,8000,Services-Health Services,1044807000,,,"""roll-up"" OR ""roll up strategy"" OR ""consolidation strategy"" OR ""buy-and-build"" OR ""platform acquisition"" OR ""add-on acquisition"""
113,P113,HERTZ CORP  (CIK 0000047129),roll_up,gap_prone,,PASS,47129,8-K,2009-08-03,0001104659-09-046576,7510,Services-Auto Rental & Leasing (No Drivers),15996424000,,,"""roll-up"" OR ""roll up strategy"" OR ""consolidation strategy"" OR ""buy-and-build"" OR ""platform acquisition"" OR ""add-on acquisition"""
114,P114,Sprague Resources LP  (CIK 0001525287),roll_up,gap_prone,,PASS,1525287,8-K,2017-03-10,0001525287-17-000045,5171,Wholesale-Petroleum Bulk Stations & Terminals,1362985000,,,"""roll-up"" OR ""roll up strategy"" OR ""consolidation strategy"" OR ""buy-and-build"" OR ""platform acquisition"" OR ""add-on acquisition"""
115,P115,HERTZ GLOBAL HOLDINGS INC  (HRI)  (CIK 0001364479),roll_up,gap_prone,,PASS,1364479,8-K,2009-08-03,0001104659-09-046575,7350,Services-Miscellaneous Equipment Rental & Leasing,16002419000,,,"""roll-up"" OR ""roll up strategy"" OR ""consolidation strategy"" OR ""buy-and-build"" OR ""platform acquisition"" OR ""add-on acquisition"""
116,P116,Cole Credit Property Trust II Inc  (CIK 0001308606),roll_up,gap_prone,,PASS,1308606,10-K,2013-03-07,0001308606-13-000004,6512,Opeators of  Nonresidential Buildings,7231045000,,,"""roll-up"" OR ""roll up strategy"" OR ""consolidation strategy"" OR ""buy-and-build"" OR ""platform acquisition"" OR ""add-on acquisition"""
117,P117,Chemtura CORP  (CIK 0001091862),roll_up,gap_prone,,PASS,1091862,8-K,2009-06-16,0001144204-09-032752,2820,"Plastic Material, Synth Resin/Rubber, Cellulos (No Glass)",3118000000,,,"""roll-up"" OR ""roll up strategy"" OR ""consolidation strategy"" OR ""buy-and-build"" OR ""platform acquisition"" OR ""add-on acquisition"""
118,P118,PANTRY INC  (CIK 0000915862),roll_up,gap_prone,,PASS,915862,8-K,2013-10-15,0000915862-13-000041,5500,Retail-Auto Dealers & Gasoline Stations,1679174000,,,"""roll-up"" OR ""roll up strategy"" OR ""consolidation strategy"" OR ""buy-and-build"" OR ""platform acquisition"" OR ""add-on acquisition"""
119,P119,EXPEDITORS INTERNATIONAL OF WASHINGTON INC  (EXPD)  (CIK 0000746515),roll_up,gap_prone,,PASS,746515,8-K,2014-06-10,0000746515-14-000023,4731,Arrangement of  Transportation of  Freight & Cargo,2870626000,,,"""roll-up"" OR ""roll up strategy"" OR ""consolidation strategy"" OR ""buy-and-build"" OR ""platform acquisition"" OR ""add-on acquisition"""
120,P120,"Cole Credit Property Trust III, Inc.  (CIK 0001425923)",roll_up,gap_prone,,PASS,1425923,10-K,2013-03-29,0001425923-13-000003,6798,Real Estate Investment Trusts,7453725000,,,"""roll-up"" OR ""roll up strategy"" OR ""consolidation strategy"" OR ""buy-and-build"" OR ""platform acquisition"" OR ""add-on acquisition"""
121,P121,"NorthStar Real Estate Income II, Inc.  (CIK 0001564657)",roll_up,gap_prone,,PASS,1564657,8-K,2018-02-01,0001193125-18-029397,6798,Real Estate Investment Trusts,1807000000,,,"""roll-up"" OR ""roll up strategy"" OR ""consolidation strategy"" OR ""buy-and-build"" OR ""platform acquisition"" OR ""add-on acquisition"""
122,P122,Corporate Property Associates 17 - Global INC  (CIK 0001390213),roll_up,gap_prone,,PASS,1390213,8-K,2018-11-01,0001104659-18-065167,6798,Real Estate Investment Trusts,4587470000,,,"""roll-up"" OR ""roll up strategy"" OR ""consolidation strategy"" OR ""buy-and-build"" OR ""platform acquisition"" OR ""add-on acquisition"""
123,P123,"Griffin-American Healthcare REIT II, Inc.  (CIK 0001455271)",roll_up,gap_prone,,PASS,1455271,8-K,2014-05-01,0001455271-14-000027,6798,Real Estate Investment Trusts,2928726000,,,"""roll-up"" OR ""roll up strategy"" OR ""consolidation strategy"" OR ""buy-and-build"" OR ""platform acquisition"" OR ""add-on acquisition"""
124,P124,INLAND WESTERN RETAIL REAL ESTATE TRUST INC  (CIK 0001222840),roll_up,gap_prone,,PASS,1222840,8-K,2010-10-15,0001104659-10-052516,6798,Real Estate Investment Trusts,6386836000,,,"""roll-up"" OR ""roll up strategy"" OR ""consolidation strategy"" OR ""buy-and-build"" OR ""platform acquisition"" OR ""add-on acquisition"""
125,P125,"Steadfast Income REIT, Inc.  (CIK 0001468010)",roll_up,gap_prone,,PASS,1468010,8-K,2014-08-06,0001468010-14-000044,6798,Real Estate Investment Trusts,1609067128,,,"""roll-up"" OR ""roll up strategy"" OR ""consolidation strategy"" OR ""buy-and-build"" OR ""platform acquisition"" OR ""add-on acquisition"""
126,P126,"Jones Lang LaSalle Income Property Trust, Inc.  (CIK 0001314152)",roll_up,gap_prone,,PASS,1314152,8-K,2015-06-18,0001314152-15-000067,6798,Real Estate Investment Trusts,1319778000,,,"""roll-up"" OR ""roll up strategy"" OR ""consolidation strategy"" OR ""buy-and-build"" OR ""platform acquisition"" OR ""add-on acquisition"""
127,P127,"Carter Validus Mission Critical REIT II, Inc.  (SILA)  (CIK 0001567925)",roll_up,gap_prone,,PASS,1567925,8-K,2017-08-22,0001567925-17-000124,6798,Real Estate Investment Trusts,1777944000,,,"""roll-up"" OR ""roll up strategy"" OR ""consolidation strategy"" OR ""buy-and-build"" OR ""platform acquisition"" OR ""add-on acquisition"""
128,P128,US Foods Holding Corp.  (USFD)  (CIK 0001665918),roll_up,gap_prone,,PASS,1665918,S-1,2016-02-09,0001193125-16-455364,5140,Wholesale-Groceries & Related Products,24175000000,,,curated:US Foods roll-up
129,P129,Platform Specialty Products Corp  (ESI)  (CIK 0001590714),roll_up,gap_prone,,PASS,1590714,8-K,2015-05-12,0001171843-15-002760,2890,Miscellaneous Chemical Products,10926700000,,,curated:Platform Specialty Products buy-and-build
130,P130,JARDEN CORP  (CIK 0000895655),roll_up,gap_prone,,PASS,895655,8-K,2015-12-14,0001193125-15-402097,5190,Wholesale-Miscellaneous Nondurable Goods,14293100000,,,curated:Jarden consumer roll-up
131,P131,"Vantiv, Inc.  (CIK 0001533932)",roll_up,gap_prone,,PASS,1533932,8-K,2017-09-11,0001193125-17-281198,7389,"Services-Business Services, NEC",28950000000,,,curated:Vantiv payments roll-up
132,P132,BERRY PLASTICS GROUP INC  (BERY)  (CIK 0001378992),roll_up,gap_prone,,PASS,1378992,10-K,2012-12-17,0000919465-12-000024,3089,"Plastics Products, NEC",5419000000,,,curated:Berry Plastics roll-up
133,P133,RADIOSHACK CORP  (CIK 0000096289),distressed,gap_prone,,PASS,96289,8-K,2015-02-11,0001193125-15-044358,5731,"Retail-Radio, Tv & Consumer Electronics Stores",1591200000,,,"""section 363"" OR ""stalking horse"" OR ""debtor-in-possession"" OR ""asset purchase agreement"" OR ""chapter 11 plan"""
134,P134,"Smart & Final Stores, Inc.  (CIK 0001563407)",distressed,gap_prone,,PASS,1563407,8-K,2015-10-05,0001104659-15-068981,5411,Retail-Grocery Stores,1771757000,,,"""section 363"" OR ""stalking horse"" OR ""debtor-in-possession"" OR ""asset purchase agreement"" OR ""chapter 11 plan"""
135,P135,RR Donnelley & Sons Co  (CIK 0000029669),distressed,gap_prone,,PASS,29669,8-K,2009-05-13,0001193125-09-109081,2750,Commercial Printing,8747600000,,,"""section 363"" OR ""stalking horse"" OR ""debtor-in-possession"" OR ""asset purchase agreement"" OR ""chapter 11 plan"""
136,P136,"Walter Energy, Inc.  (CIK 0000837173)",distressed,gap_prone,,PASS,837173,8-K,2015-07-15,0001104659-15-051290,1220,Silver Ores,5331364000,,,"""section 363"" OR ""stalking horse"" OR ""debtor-in-possession"" OR ""asset purchase agreement"" OR ""chapter 11 plan"""
137,P137,DISH Network CORP  (CIK 0001001082),distressed,gap_prone,,PASS,1001082,8-K,2013-07-23,0001104659-13-055868,4841,Cable & Other Pay Television Services,20356430000,,,"""section 363"" OR ""stalking horse"" OR ""debtor-in-possession"" OR ""asset purchase agreement"" OR ""chapter 11 plan"""
138,P138,Rice Energy Inc.  (CIK 0001588238),distressed,gap_prone,,PASS,1588238,8-K,2016-04-15,0001193125-16-543288,1311,Crude Petroleum & Natural Gas,7817522000,,,"""section 363"" OR ""stalking horse"" OR ""debtor-in-possession"" OR ""asset purchase agreement"" OR ""chapter 11 plan"""
139,P139,Samson Resources Corp  (CIK 0001548691),distressed,gap_prone,,PASS,1548691,8-K,2015-08-17,0001193125-15-292359,1311,Crude Petroleum & Natural Gas,5608312000,,,"""section 363"" OR ""stalking horse"" OR ""debtor-in-possession"" OR ""asset purchase agreement"" OR ""chapter 11 plan"""
140,P140,QUICKSILVER RESOURCES INC  (CIK 0001060990),distressed,gap_prone,,PASS,1060990,8-K,2015-09-18,0001060990-15-000090,1311,Crude Petroleum & Natural Gas,1214302000,,,"""section 363"" OR ""stalking horse"" OR ""debtor-in-possession"" OR ""asset purchase agreement"" OR ""chapter 11 plan"""
141,P141,James River Coal CO  (CIK 0001297720),distressed,gap_prone,,PASS,1297720,8-K,2014-08-21,0001019687-14-003342,1221,Bituminous Coal & Lignite Surface Mining,1204121000,,,"""section 363"" OR ""stalking horse"" OR ""debtor-in-possession"" OR ""asset purchase agreement"" OR ""chapter 11 plan"""
142,P142,"Quad/Graphics, Inc.  (QUAD)  (CIK 0001481792)",distressed,gap_prone,,PASS,1481792,8-K,2012-10-16,0001481792-12-000026,2750,Commercial Printing,4098900000,,,"""section 363"" OR ""stalking horse"" OR ""debtor-in-possession"" OR ""asset purchase agreement"" OR ""chapter 11 plan"""
143,P143,NII HOLDINGS INC  (CIK 0001037016),distressed,gap_prone,,PASS,1037016,8-K,2015-03-06,0001571049-15-001716,4812,Radiotelephone Communications,5430591000,,,"""section 363"" OR ""stalking horse"" OR ""debtor-in-possession"" OR ""asset purchase agreement"" OR ""chapter 11 plan"""
144,P144,NVR INC  (NVR)  (CIK 0000906163),distressed,gap_prone,,PASS,906163,8-K,2010-04-14,0000950123-10-034817,1531,Operative Builders,2260061000,,,"""section 363"" OR ""stalking horse"" OR ""debtor-in-possession"" OR ""asset purchase agreement"" OR ""chapter 11 plan"""
145,P145,Huntsman CORP  (HUN)  (CIK 0001307954),distressed,gap_prone,,PASS,1307954,8-K,2009-08-31,0001104659-09-052428,2800,Chemicals & Allied Products,8626000000,,,"""section 363"" OR ""stalking horse"" OR ""debtor-in-possession"" OR ""asset purchase agreement"" OR ""chapter 11 plan"""
146,P146,"Alpha Natural Resources, Inc.  (CIK 0001301063)",distressed,gap_prone,,PASS,1301063,8-K,2016-07-18,0001193125-16-650114,1221,Bituminous Coal & Lignite Surface Mining,10639466000,,,"""section 363"" OR ""stalking horse"" OR ""debtor-in-possession"" OR ""asset purchase agreement"" OR ""chapter 11 plan"""
147,P147,Nationstar Mortgage Holdings Inc.  (CIK 0001520566),distressed,gap_prone,,PASS,1520566,8-K,2012-09-19,0001193125-12-396051,6162,Mortgage Bankers & Loan Correspondents,7126143000,,,"""section 363"" OR ""stalking horse"" OR ""debtor-in-possession"" OR ""asset purchase agreement"" OR ""chapter 11 plan"""
148,P148,"Contura Energy, Inc.  (AMR)  (CIK 0001704715)",distressed,gap_prone,,PASS,1704715,S-4,2018-08-21,0001628280-18-011255,1221,Bituminous Coal & Lignite Surface Mining,2746058000,,,"""section 363"" OR ""stalking horse"" OR ""debtor-in-possession"" OR ""asset purchase agreement"" OR ""chapter 11 plan"""
149,P149,NORTEL NETWORKS CORP  (CIK 0000072911),distressed,gap_prone,,PASS,72911,8-K,2009-06-30,0001193125-09-141833,3661,Telephone & Telegraph Apparatus,4582000000,,,"""section 363"" OR ""stalking horse"" OR ""debtor-in-possession"" OR ""asset purchase agreement"" OR ""chapter 11 plan"""
150,P150,PENN NATIONAL GAMING INC  (PENN)  (CIK 0000921738),distressed,gap_prone,,PASS,921738,8-K,2009-11-17,0001104659-09-065443,7011,Hotels & Motels,4712616000,,,"""section 363"" OR ""stalking horse"" OR ""debtor-in-possession"" OR ""asset purchase agreement"" OR ""chapter 11 plan"""
151,P151,SEARS HOLDINGS CORP  (CIK 0001310067),distressed,gap_prone,,PASS,1310067,8-K,2018-12-04,0001193125-18-341446,5311,Retail-Department Stores,7273000000,,,"""section 363"" OR ""stalking horse"" OR ""debtor-in-possession"" OR ""asset purchase agreement"" OR ""chapter 11 plan"""
152,P152,Bausch Health Companies Inc.  (BHC)  (CIK 0000885590),distressed,gap_prone,,PASS,885590,8-K,2018-12-14,0000885590-18-000074,2834,Pharmaceutical Preparations,32492000000,,,"""section 363"" OR ""stalking horse"" OR ""debtor-in-possession"" OR ""asset purchase agreement"" OR ""chapter 11 plan"""
153,P153,Green Plains Inc.  (GPRE)  (CIK 0001309402),distressed,gap_prone,,PASS,1309402,8-K,2016-12-07,0001193125-16-787484,2860,Industrial Organic Chemicals,2506492000,,,"""section 363"" OR ""stalking horse"" OR ""debtor-in-possession"" OR ""asset purchase agreement"" OR ""chapter 11 plan"""
154,P154,"Molycorp, Inc.  (CIK 0001489137)",distressed,gap_prone,,PASS,1489137,8-K,2016-05-12,0001104659-16-120339,1000,Metal Mining,2575986000,,,"""section 363"" OR ""stalking horse"" OR ""debtor-in-possession"" OR ""asset purchase agreement"" OR ""chapter 11 plan"""
155,P155,ATP OIL & GAS CORP  (CIK 0001123647),distressed,gap_prone,,PASS,1123647,8-K,2012-12-13,0001193125-12-501946,1311,Crude Petroleum & Natural Gas,3388774000,,,"""section 363"" OR ""stalking horse"" OR ""debtor-in-possession"" OR ""asset purchase agreement"" OR ""chapter 11 plan"""
156,P156,Energy Future Holdings Corp /TX/  (CIK 0001023291),distressed,gap_prone,,PASS,1023291,10-K,2014-05-01,0001193125-14-176746,4911,Electric Services,44194000000,,,curated:Energy Future Holdings Chapter 11
157,P157,Patriot Coal CORP  (CIK 0001376812),distressed,gap_prone,,PASS,1376812,10-K,2012-08-09,0000950103-12-004067,1220,Silver Ores,3873643000,,,curated:Patriot Coal Chapter 11
158,P158,CAESARS ENTERTAINMENT Corp  (CIK 0000858339),distressed,gap_prone,,PASS,858339,8-K,2015-01-15,0001193125-15-011354,7011,Hotels & Motels,27475000000,,,curated:Caesars Entertainment Operating Chapter 11
159,P159,SunEdison Semiconductor Ltd  (CIK 0001585854),distressed,gap_prone,,PASS,1585854,8-K,2016-08-18,0001193125-16-684473,3674,Semiconductors & Related Devices,1383700000,,,curated:SunEdison Chapter 11
160,P160,"LINN ENERGY, LLC  (CIK 0001326428)",distressed,gap_prone,,PASS,1326428,8-K,2016-05-24,0001193125-16-599897,1311,Crude Petroleum & Natural Gas,18926994000,,,curated:LINN Energy Chapter 11
161,P161,PEABODY ENERGY CORP  (BTU)  (CIK 0001064728),distressed,gap_prone,,PASS,1064728,8-K,2016-08-10,0001193125-16-677563,1221,Bituminous Coal & Lignite Surface Mining,13845100000,,,curated:Peabody Energy Chapter 11
162,P162,BON TON STORES INC  (CIK 0000878079),distressed,gap_prone,,PASS,878079,8-K,2018-01-03,0001104659-18-000532,5311,Retail-Department Stores,2789497000,,,curated:Bon-Ton Stores Chapter 11
163,P163,EASTMAN KODAK CO  (KODK)  (CIK 0000031235),distressed,gap_prone,,PASS,31235,8-K,2012-12-28,0000031235-12-000109,3861,Photographic Equipment & Supplies,6929000000,,,curated:Eastman Kodak Chapter 11
164,P164,SABINE OIL & GAS CORP  (CIK 0000038079),distressed,gap_prone,,PASS,38079,8-K,2015-05-22,0001104659-15-040093,1311,Crude Petroleum & Natural Gas,2582851000,,,curated:Sabine Oil Gas Chapter 11
165,P165,"iHeartMedia, Inc.  (IHRT, IHETW, IHRTB)  (CIK 0001400891)",distressed,gap_prone,,PASS,1400891,8-K,2018-07-17,0001193125-18-219041,4832,Radio Broadcasting Stations,14285970000,,,curated:iHeartMedia Chapter 11
166,P166,GT Advanced Technologies Inc.  (CIK 0001394954),distressed,gap_prone,,PASS,1394954,8-K,2014-12-09,0001445305-14-005438,3674,Semiconductors & Related Devices,1508010000,,,curated:GT Advanced Technologies Chapter 11
167,P167,CUMULUS MEDIA INC  (CMLS)  (CIK 0001058623),distressed,gap_prone,,PASS,1058623,8-K,2017-05-15,0001058623-17-000028,4832,Radio Broadcasting Stations,3713386000,,,curated:Cumulus Media Chapter 11
168,P168,ARCH COAL INC  (ARCH)  (CIK 0001037676),distressed,gap_prone,,PASS,1037676,8-K,2016-10-11,0001104659-16-149399,1221,Bituminous Coal & Lignite Surface Mining,8823184000,,,curated:Arch Coal Chapter 11
169,P169,AMR CORP  (AAL)  (CIK 0000006201),distressed,gap_prone,,PASS,6201,8-K,2012-01-05,0000006201-12-000001,4512,"Air Transportation, Scheduled",44811000000,,,curated:AMR Corp Chapter 11
170,P170,EXIDE TECHNOLOGIES  (CIK 0000813781),distressed,gap_prone,,PASS,813781,10-K,2013-06-14,0000813781-13-000016,3690,"Miscellaneous Electrical Machinery, Equipment & Supplies",2226586000,,,curated:Exide Technologies Chapter 11
171,P171,SANDRIDGE ENERGY INC  (SD)  (CIK 0001349436),distressed,gap_prone,,PASS,1349436,8-K,2016-10-07,0001193125-16-733811,1311,Crude Petroleum & Natural Gas,7259225000,,,curated:SandRidge Energy Chapter 11
172,P172,"DYNEGY HOLDINGS, LLC  (CIK 0001105055)",distressed,gap_prone,,PASS,1105055,8-K,2012-03-16,0001104659-12-018950,4911,Electric Services,9949000000,,,curated:Dynegy Chapter 11
173,P173,"Midstates Petroleum Company, Inc.  (AMPY)  (CIK 0001533924)",distressed,gap_prone,,PASS,1533924,8-K,2016-09-07,0001104659-16-143491,1311,Crude Petroleum & Natural Gas,2475793000,,,curated:Midstates Petroleum Chapter 11
174,P174,Breitburn Energy Partners LP  (CIK 0001357371),distressed,gap_prone,,PASS,1357371,8-K,2016-05-26,0001357371-16-000348,1311,Crude Petroleum & Natural Gas,7638334000,,,curated:Breitburn Energy Chapter 11
175,P175,OVERSEAS SHIPHOLDING GROUP INC  (CIK 0000075208),distressed,gap_prone,,PASS,75208,10-K,2012-02-29,0001144204-12-011875,4412,Deep Sea Foreign Transportation of  Freight,4384695000,,,curated:Overseas Shipholding Chapter 11
176,P176,BARD C R INC /NJ/  (CIK 0000009892),control,control,P001,PASS,9892,DEFM14A,2017-06-30,0001193125-17-220263,3841,Surgical & Medical Instruments & Apparatus,5306100000,,,
177,P177,PINNACLE FOODS INC.  (CIK 0001564822),control,control,P002,PASS,1564822,DEFM14A,2018-09-17,0001193125-18-275423,2000,Food and Kindred Products,6578264000,,,
178,P178,Sensata Technologies Holding N.V.  (ST)  (CIK 0001477294),control,control,P003,PASS,1477294,DEFM14A,2018-01-19,0001477294-18-000012,3823,"Industrial Instruments For Measurement, Display, and Control",6797687000,,,
179,P179,WEST CORP  (CIK 0001024657),control,control,P004,PASS,1024657,DEFM14A,2017-06-27,0001193125-17-215084,7389,"Services-Business Services, NEC",3440838000,,,
180,P180,"ClubCorp Holdings, Inc.  (CIK 0001577095)",control,control,P005,PASS,1577095,DEFM14A,2017-08-08,0001047469-17-005072,7997,Services-Membership Sports & Recreation Clubs,2128714000,,,
181,P181,"Allied World Assurance Co Holdings, AG  (CIK 0001163348)",control,control,P006,PASS,1163348,DEFM14A,2017-08-03,0001047469-17-004976,6331,"Fire, Marine & Casualty Insurance",13179000000,,,
182,P182,ENBRIDGE ENERGY PARTNERS LP  (CIK 0000880285),control,control,P007,PASS,880285,DEFM14A,2018-11-09,0001193125-18-323821,4610,Pipe Lines (No Natural Gas),14828000000,,,
183,P183,PharMerica CORP  (CIK 0001388195),control,control,P008,PASS,1388195,DEFM14A,2017-10-03,0001567619-17-002126,5912,Retail-Drug Stores and Proprietary Stores,1273000000,,,
184,P184,"Alliance Holdings GP, L.P.  (CIK 0001344980)",control,control,P009,PASS,1344980,DEFM14A,2018-04-26,0001047469-18-003237,1221,Bituminous Coal & Lignite Surface Mining,2221251000,,,
185,P185,"Pandora Media, Inc.  (CIK 0001230276)",control,control,P010,PASS,1230276,DEFM14A,2018-12-20,0000930413-18-003625,4832,Radio Broadcasting Stations,1166322000,,,
186,P186,PRAXAIR INC  (CIK 0000884905),control,control,P011,PASS,884905,DEFM14A,2017-08-16,0001193125-17-259883,2810,Industrial Inorganic Chemicals,20436000000,,,
187,P187,CALPINE CORP  (CIK 0000916457),control,control,P012,PASS,916457,DEFM14A,2017-11-14,0001193125-17-341396,4911,Electric Services,16453000000,,,
188,P188,"DUPONT FABROS TECHNOLOGY, INC.  (CIK 0001407739)",control,control,P013,PASS,1407739,DEFM14A,2017-08-15,0001193125-17-257795,6500,Real Estate,3038464000,,,
189,P189,RENT A CENTER INC DE  (UPBD)  (CIK 0000933036),control,control,P014,PASS,933036,DEFM14A,2018-08-15,0001193125-18-249885,7359,"Services-Equipment Rental & Leasing, NEC",1396917000,,,
190,P190,BAKER HUGHES INC  (CIK 0000808362),control,control,P015,PASS,808362,DEFM14A,2017-05-30,0001193125-17-187240,3533,Oil & Gas Field Machinery & Equipment,56336000000,,,
191,P191,GENERAL CABLE CORP /DE/  (CIK 0000886035),control,control,P016,PASS,886035,DEFM14A,2018-01-16,0001193125-18-011306,3357,Drawing & Insulating of  Nonferrous Wire,2235300000,,,
192,P192,"VERIFONE SYSTEMS, INC.  (CIK 0001312073)",control,control,P017,PASS,1312073,DEFM14A,2018-05-21,0001193125-18-169570,3578,Calculating & Accounting Machines (No Electronic Computers),2358452000,,,
193,P193,"ILG, Inc.  (CIK 0001434620)",control,control,P018,PASS,1434620,DEFM14A,2018-07-24,0001193125-18-223956,6531,Real Estate Agents & Managers (For Others),3687000000,,,
194,P194,ROCKWELL COLLINS INC  (CIK 0001137411),control,control,P019,PASS,1137411,DEFM14A,2017-12-11,0001193125-17-365512,3728,"Aircraft Parts & Auxiliary Equipment, NEC",18052000000,,,
195,P195,AKORN INC  (CIK 0000003116),control,control,P020,PASS,3116,DEFM14A,2017-06-15,0001308179-17-000193,2834,Pharmaceutical Preparations,1909511000,,,
196,P196,"Ensco plc  (VAL, VAL-WT)  (CIK 0000314808)",control,control,P021,PASS,314808,DEFM14A,2018-12-11,0001047469-18-007564,1381,Drilling Oil & Gas Wells,14023700000,,,
197,P197,ALERE INC.  (CIK 0001145460),control,control,P022,PASS,1145460,DEFM14A,2017-06-06,0001193125-17-195381,2835,In Vitro & In Vivo Diagnostic Substances,5648279000,,,
198,P198,"Parkway, Inc.  (CIK 0001677761)",control,control,P023,PASS,1677761,DEFM14A,2017-08-11,0001193125-17-256025,6798,Real Estate Investment Trusts,2163895000,,,
199,P199,KLX Inc.  (CIK 0001617898),control,control,P024,PASS,1617898,DEFM14A,2018-07-25,0001047469-18-005152,3720,Aircraft & Parts,3790000000,,,
200,P200,Caesars Acquisition Co  (CIK 0001575879),control,control,P025,PASS,1575879,DEFM14A,2017-06-23,0001193125-17-211288,7011,Hotels & Motels,1821500000,,,
201,P201,NCI BUILDING SYSTEMS INC  (CIK 0000883902),control,control,P026,PASS,883902,DEFM14A,2018-10-17,0001144204-18-054087,3448,Prefabricated Metal Buildings & Components,5141187000,,,
202,P202,ENTERCOM COMMUNICATIONS CORP  (AUDAQ)  (CIK 0001067837),control,control,P027,PASS,1067837,DEFM14A,2017-10-16,0001193125-17-311047,4832,Radio Broadcasting Stations,4539201000,,,
203,P203,ESTERLINE TECHNOLOGIES CORP  (CIK 0000033619),control,control,P028,PASS,33619,DEFM14A,2018-11-30,0001193125-18-339843,3823,"Industrial Instruments For Measurement, Display, and Control",3017381000,,,
204,P204,"ORBITAL ATK, INC.  (CIK 0000866121)",control,control,P029,PASS,866121,DEFM14A,2017-10-25,0001047469-17-006525,3760,Guided Missiles & Space Vehicles & Parts,5666000000,,,
205,P205,SUN BANCORP INC /NJ/  (CIK 0001017793),control,control,P030,PASS,1017793,DEFM14A,2017-09-20,0001193125-17-289525,6029,"Commercial Banks, NEC",2262262000,,,
206,P206,ATWOOD OCEANICS INC  (CIK 0000008411),control,control,P031,PASS,8411,DEFM14A,2017-08-18,0001047469-17-005317,1381,Drilling Oil & Gas Wells,4629657000,,,
207,P207,"SNYDER'S-LANCE, INC.  (CIK 0000057528)",control,control,P032,PASS,57528,DEFM14A,2018-02-20,0001174947-18-000230,2052,Cookies & Crackers,3618337000,,,
208,P208,Patheon N.V.  (CIK 0001643848),control,control,P033,PASS,1643848,DEFM14A,2017-06-27,0001567619-17-001306,2834,Pharmaceutical Preparations,2638500000,,,
209,P209,Rice Energy Inc.  (CIK 0001588238),control,control,P034,PASS,1588238,DEFM14A,2017-10-12,0001047469-17-006341,1311,Crude Petroleum & Natural Gas,7817522000,,,
210,P210,"Pinnacle Entertainment, Inc.  (CIK 0001656239)",control,control,P035,PASS,1656239,DEFM14A,2018-02-28,0001047469-18-001164,7011,Hotels & Motels,3950228000,,,
211,P211,WildHorse Resource Development Corp  (CIK 0001681714),control,control,P036,PASS,1681714,DEFM14A,2018-12-26,0001193125-18-357922,1311,Crude Petroleum & Natural Gas,3255030000,,,
212,P212,Tronox Ltd  (TROX)  (CIK 0001530804),control,control,P037,PASS,1530804,DEFM14A,2017-08-31,0001567619-17-001809,2810,Industrial Inorganic Chemicals,4864000000,,,
213,P213,"Spectrum Brands Holdings, Inc.  (CIK 0001487730)",control,control,P038,PASS,1487730,DEFM14A,2018-06-12,0001193125-18-190106,3690,"Miscellaneous Electrical Machinery, Equipment & Supplies",7504800000,,,
214,P214,"Quinpario Acquisition Corp. 2  (XELA, XELAP)  (CIK 0001620179)",control,control,P039,PASS,1620179,DEFM14A,2017-06-26,0001047469-17-004226,7389,"Services-Business Services, NEC",1714838000,,,
215,P215,"Fidelity National Financial, Inc.  (FNF)  (CIK 0001331875)",control,control,P040,PASS,1331875,DEFM14A,2017-10-19,0001047469-17-006453,6361,Title Insurance,9151000000,,,
216,P216,"TERRAFORM GLOBAL, INC.  (CIK 0001620702)",control,control,P041,PASS,1620702,DEFM14A,2017-10-10,0001567619-17-002164,4911,Electric Services,2448279000,,,
217,P217,INTEGRATED DEVICE TECHNOLOGY INC  (CIK 0000703361),control,control,P042,PASS,703361,DEFM14A,2018-12-03,0001193125-18-341203,3674,Semiconductors & Related Devices,1377600000,,,
218,P218,ANDEAVOR  (CIK 0000050104),control,control,P043,PASS,50104,DEFM14A,2018-08-03,0001193125-18-238276,2911,Petroleum Refining,28573000000,,,
219,P219,KAPSTONE PAPER & PACKAGING CORP  (CIK 0001325281),control,control,P044,PASS,1325281,DEFM14A,2018-08-01,0001144204-18-041383,2621,Paper Mills,3323985000,,,
220,P220,WESTAR ENERGY INC /KS  (CIK 0000054507),control,control,P045,PASS,54507,DEFM14A,2017-10-10,0001193125-17-307179,4931,Electric & Other Services Combined,11624368000,,,
221,P221,TPG Pace Energy Holdings Corp.  (MGY)  (CIK 0001698990),control,control,P046,PASS,1698990,DEFM14A,2018-07-02,0001193125-18-211420,1311,Crude Petroleum & Natural Gas,3433523000,,,
222,P222,"CYS Investments, Inc.  (CIK 0001396446)",control,control,P047,PASS,1396446,DEFM14A,2018-06-25,0001047469-18-004715,6798,Real Estate Investment Trusts,13145582000,,,
223,P223,KNIGHT TRANSPORTATION INC  (CIK 0000929452),control,control,P048,PASS,929452,DEFM14A,2017-08-09,0001571049-17-007299,4213,Trucking (No Local),1078525000,,,
224,P224,ONEOK Partners LP  (CIK 0000909281),control,control,P049,PASS,909281,DEFM14A,2017-05-22,0001193125-17-176922,4922,Natural Gas Transmission,15469347000,,,
225,P225,MITEL NETWORKS CORP  (CIK 0001170534),control,control,P050,PASS,1170534,DEFM14A,2018-06-08,0001193125-18-187310,3663,Radio & Tv Broadcasting & Communications Equipment,1630500000,,,
226,P226,WESTINGHOUSE AIR BRAKE TECHNOLOGIES CORP  (WAB)  (CIK 0000943452),control,control,P051,PASS,943452,DEFM14A,2018-10-12,0001140361-18-040543,3743,Railroad Equipment,8649200000,,,
227,P227,"Dr Pepper Snapple Group, Inc.  (KDP)  (CIK 0001418135)",control,control,P052,PASS,1418135,DEFM14A,2018-05-29,0001047469-18-004118,2080,Beverages,48918000000,,,
228,P228,LEGACY RESERVES LP  (CIK 0001358831),control,control,P053,PASS,1358831,DEFM14A,2018-08-03,0001193125-18-238546,1311,Crude Petroleum & Natural Gas,1493082000,,,
229,P229,ARRIS International plc  (CIK 0001645494),control,control,P054,PASS,1645494,DEFM14A,2018-12-19,0001144204-18-065399,3663,Radio & Tv Broadcasting & Communications Equipment,7327869000,,,
230,P230,USG CORP  (CIK 0000757011),control,control,P055,PASS,757011,DEFM14A,2018-08-23,0001193125-18-255504,3270,"Concrete, Gypsum & Plaster Products",3842000000,,,
231,P231,SUPERVALU INC  (CIK 0000095521),control,control,P056,PASS,95521,DEFM14A,2018-09-18,0001140361-18-038679,5141,"Wholesale-Groceries, General Line",4467000000,,,
232,P232,GGP Inc.  (CIK 0001496048),control,control,P057,PASS,1496048,DEFM14A,2018-06-27,0001193125-18-204333,6798,Real Estate Investment Trusts,19033526000,,,
233,P233,FAIRMOUNT SANTROL HOLDINGS INC.  (CIK 0001010858),control,control,P058,PASS,1010858,DEFM14A,2018-04-26,0001193125-18-134923,1400,Mining & Quarrying of  Nonmetallic Minerals (No Fuels),1236094000,,,
234,P234,BANCORPSOUTH INC  (CIK 0000701853),control,control,P059,PASS,701853,DEFM14A,2017-08-29,0001193125-17-271952,6022,State Commercial Banks,14724388000,,,
235,P235,ALBANY MOLECULAR RESEARCH INC  (CIK 0001065087),control,control,P060,PASS,1065087,DEFM14A,2017-07-14,0001144204-17-036873,8731,Services-Commercial Physical & Biological Research,1209648000,,,
236,P236,Paragon Commercial CORP  (CIK 0001414374),control,control,P061,PASS,1414374,DEFM14A,2017-12-01,0001654954-17-011248,6022,State Commercial Banks,1503767000,,,
237,P237,"Tallgrass Energy Partners, LP  (CIK 0001569134)",control,control,P062,PASS,1569134,DEFM14A,2018-05-18,0001193125-18-168177,4922,Natural Gas Transmission,3977353000,,,
238,P238,"Xenith Bankshares, Inc.  (CIK 0001143155)",control,control,P063,PASS,1143155,DEFM14A,2017-09-15,0001571049-17-007906,6021,National Commercial Banks,3267192000,,,
239,P239,Altra Industrial Motion Corp.  (CIK 0001374535),control,control,P064,PASS,1374535,DEFM14A,2018-08-06,0001193125-18-239500,3569,"General Industrial Machinery & Equipment, NEC",4337200000,,,
240,P240,SOUTHWEST BANCORP INC  (CIK 0000914374),control,control,P065,PASS,914374,DEFM14A,2017-09-12,0001571049-17-007845,6022,State Commercial Banks,2475392000,,,
241,P241,"Care Capital Properties, Inc.  (CIK 0001639947)",control,control,P066,PASS,1639947,DEFM14A,2017-07-07,0001193125-17-224333,6798,Real Estate Investment Trusts,2812368000,,,
242,P242,MICROSEMI CORP  (CIK 0000310568),control,control,P067,PASS,310568,DEFM14A,2018-04-19,0001144204-18-021362,3674,Semiconductors & Related Devices,4433500000,,,
243,P243,CONVERGYS CORP  (CIK 0001062047),control,control,P068,PASS,1062047,DEFM14A,2018-08-28,0001140361-18-037148,7373,Services-Computer Integrated Systems Design,2414700000,,,
244,P244,GREAT PLAINS ENERGY INC  (CIK 0001143068),control,control,P069,PASS,1143068,DEFM14A,2017-10-10,0001193125-17-307158,4911,Electric Services,12457900000,,,
245,P245,"Alexander & Baldwin, Inc.  (ALEX)  (CIK 0001545654)",control,control,P070,PASS,1545654,DEFM14A,2017-09-14,0001193125-17-285196,6798,Real Estate Investment Trusts,2231200000,,,
246,P246,AVISTA CORP  (AVA)  (CIK 0000104918),control,control,P071,PASS,104918,DEFM14A,2017-10-02,0001193125-17-301020,4931,Electric & Other Services Combined,5514732000,,,
247,P247,La Quinta Holdings Inc.  (CIK 0001594617),control,control,P072,PASS,1594617,DEFM14A,2018-03-20,0001193125-18-089194,7011,Hotels & Motels,2953096000,,,
248,P248,"Gener8 Maritime, Inc.  (CIK 0001443799)",control,control,P073,PASS,1443799,DEFM14A,2018-05-10,0001144204-18-027198,4412,Deep Sea Foreign Transportation of  Freight,2618217000,,,
249,P249,FIRST POTOMAC REALTY TRUST  (CIK 0001254595),control,control,P074,PASS,1254595,DEFM14A,2017-08-24,0001193125-17-265999,6798,Real Estate Investment Trusts,1260247000,,,
250,P250,BUFFALO WILD WINGS INC  (CIK 0001062449),control,control,P075,PASS,1062449,DEFM14A,2017-12-28,0001193125-17-380642,5812,Retail-Eating  Places,1047219000,,,
251,P251,"CAVIUM, INC.  (CIK 0001175609)",control,control,P076,PASS,1175609,DEFM14A,2018-02-06,0001193125-18-032604,3674,Semiconductors & Related Devices,1589325000,,,
252,P252,8point3 Energy Partners LP  (CIK 0001635581),control,control,P077,PASS,1635581,DEFM14A,2018-04-06,0001193125-18-110072,4911,Electric Services,1609205000,,,
253,P253,FelCor Lodging Trust Inc  (CIK 0000923603),control,control,P078,PASS,923603,DEFM14A,2017-07-18,0001047469-17-004631,6798,Real Estate Investment Trusts,1707092000,,,
254,P254,Park Sterling Corp  (CIK 0001507277),control,control,P079,PASS,1507277,DEFM14A,2017-09-12,0001047469-17-005768,6022,State Commercial Banks,3255395000,,,
255,P255,"Alon USA Energy, Inc.  (CIK 0001325955)",control,control,P080,PASS,1325955,DEFM14A,2017-05-30,0001325955-17-000031,2911,Petroleum Refining,2095301000,,,
256,P256,TENNECO INC  (CIK 0001024725),control,control,P081,PASS,1024725,DEFM14A,2018-08-02,0001193125-18-236739,3714,Motor Vehicle Parts & Accessories,13232000000,,,
257,P257,SOUTH STATE Corp  (SSB)  (CIK 0000764038),control,control,P082,PASS,764038,DEFM14A,2017-09-12,0001047469-17-005767,6022,State Commercial Banks,14466589000,,,
258,P258,IMPAX LABORATORIES INC  (CIK 0001003642),control,control,P083,PASS,1003642,DEFM14A,2018-02-12,0001193125-18-040279,2834,Pharmaceutical Preparations,1351300000,,,
259,P259,"RSP Permian, Inc.  (CIK 0001588216)",control,control,P084,PASS,1588216,DEFM14A,2018-06-07,0001193125-18-186002,1311,Crude Petroleum & Natural Gas,6270186000,,,
260,P260,"TWENTY-FIRST CENTURY FOX, INC.  (CIK 0001308161)",control,control,P085,PASS,1308161,DEFM14A,2018-06-28,0001193125-18-207641,4841,Cable & Other Pay Television Services,65886000000,,,
261,P261,"Scripps Networks Interactive, Inc.  (CIK 0001430602)",control,control,P086,PASS,1430602,DEFM14A,2017-10-19,0001193125-17-314122,4841,Cable & Other Pay Television Services,6521680000,,,
262,P262,Accenture plc  (ACN)  (CIK 0001467373),control,control,P087,PASS,1467373,DEFM14A,2017-12-15,0001193125-17-370759,7389,"Services-Business Services, NEC",22974153000,,,
263,P263,"Delek US Holdings, Inc.  (CIK 0001351541)",control,control,P088,PASS,1351541,DEFM14A,2017-05-30,0001351541-17-000155,2911,Petroleum Refining,2979800000,,,
264,P264,"Monogram Residential Trust, Inc.  (CIK 0001384710)",control,control,P089,PASS,1384710,DEFM14A,2017-08-10,0001047469-17-005183,6798,Real Estate Investment Trusts,3200102000,,,
265,P265,"BEAR STATE FINANCIAL, INC.  (CIK 0001006424)",control,control,P090,PASS,1006424,DEFM14A,2017-10-05,0001437749-17-016831,6022,State Commercial Banks,2160963000,,,
266,P266,Starwood Waypoint Homes  (CIK 0001579471),control,control,P091,PASS,1579471,DEFM14A,2017-10-16,0001193125-17-310310,6798,Real Estate Investment Trusts,6615176000,,,
267,P267,"NorthStar Real Estate Income II, Inc.  (CIK 0001564657)",control,control,P092,PASS,1564657,DEFM14A,2017-12-06,0001193125-17-362943,6798,Real Estate Investment Trusts,1807000000,,,
268,P268,SELECT INCOME REIT  (CIK 0001537667),control,control,P093,PASS,1537667,DEFM14A,2018-11-16,0001047469-18-007290,6798,Real Estate Investment Trusts,5303030000,,,
269,P269,"PHILLIPS EDISON GROCERY CENTER REIT I, INC.  (PECO)  (CIK 0001476204)",control,control,P094,PASS,1476204,DEFM14A,2017-07-06,0001626129-17-000444,6798,Real Estate Investment Trusts,3526082000,,,
270,P270,"BLACKHAWK NETWORK HOLDINGS, INC  (CIK 0001411488)",control,control,P095,PASS,1411488,DEFM14A,2018-03-02,0001140361-18-011449,6199,Finance Services,4122819000,,,
271,P271,"Kennedy-Wilson Holdings, Inc.  (KW)  (CIK 0001408100)",control,control,P096,PASS,1408100,DEFM14A,2017-09-13,0001193125-17-283232,6500,Real Estate,7724800000,,,
272,P272,"Hines Global REIT, Inc.  (CIK 0001453818)",control,control,P097,PASS,1453818,DEFM14A,2018-05-10,0001453818-18-000020,6798,Real Estate Investment Trusts,2499711000,,,
273,P273,Gramercy Property Trust  (CIK 0001297587),control,control,P098,PASS,1297587,DEFM14A,2018-06-27,0001047469-18-004781,6798,Real Estate Investment Trusts,6456036000,,,
274,P274,"PHILLIPS EDISON GROCERY CENTER REIT II, INC.  (CIK 0001581405)",control,control,P099,PASS,1581405,DEFM14A,2018-08-28,0001140361-18-037155,6798,Real Estate Investment Trusts,1652317000,,,
275,P275,"NorthStar Real Estate Income Trust, Inc.  (CIK 0001455650)",control,control,P100,PASS,1455650,DEFM14A,2017-12-06,0001193125-17-362938,6798,Real Estate Investment Trusts,1768480000,,,
276,P276,"QUALITY CARE PROPERTIES, INC.  (CIK 0001677203)",control,control,P101,PASS,1677203,DEFM14A,2018-06-21,0001047469-18-004637,6798,Real Estate Investment Trusts,4392064000,,,
277,P277,Corporate Property Associates 17 - Global INC  (CIK 0001390213),control,control,P102,PASS,1390213,DEFM14A,2018-09-04,0001047469-18-005936,6798,Real Estate Investment Trusts,4587470000,,,
278,P278,DST SYSTEMS INC  (CIK 0000714603),control,control,P103,PASS,714603,DEFM14A,2018-02-27,0001144204-18-011059,7374,Services-Computer Processing & Data Preparation,2938200000,,,
279,P279,CF Corp  (CIK 0001668428),control,control,P104,PASS,1668428,DEFM14A,2017-07-26,0001571049-17-006940,6311,Life Insurance,29923000000,,,
280,P280,"Forest City Realty Trust, Inc.  (CIK 0001647509)",control,control,P105,PASS,1647509,DEFM14A,2018-10-12,0001193125-18-298438,6798,Real Estate Investment Trusts,8063287000,,,
281,P281,MAINSOURCE FINANCIAL GROUP  (CIK 0000720002),control,control,P106,PASS,720002,DEFM14A,2017-10-19,0001626129-17-000575,6022,State Commercial Banks,4647862000,,,
282,P282,DCT Industrial Trust Inc.  (CIK 0001170991),control,control,P107,PASS,1170991,DEFM14A,2018-07-11,0001047469-18-004973,6798,Real Estate Investment Trusts,4010672000,,,
283,P283,"NewStar Financial, Inc.  (CIK 0001373561)",control,control,P108,PASS,1373561,DEFM14A,2017-11-30,0001193125-17-355921,6172,Finance Lessors,4040592000,,,
284,P284,PANERA BREAD CO  (CIK 0000724606),control,control,P109,PASS,724606,DEFM14A,2017-06-01,0001193125-17-189582,5812,Retail-Eating  Places,1301611000,,,
285,P285,EASTERN VIRGINIA BANKSHARES INC  (CIK 0001047170),control,control,P110,PASS,1047170,DEFM14A,2017-05-12,0001571049-17-004905,6022,State Commercial Banks,1398593000,,,
286,P286,LaSalle Hotel Properties  (CIK 0001053532),control,control,P111,PASS,1053532,DEFM14A,2018-10-29,0001047469-18-006913,6798,Real Estate Investment Trusts,3814941000,,,
287,P287,"KINDRED HEALTHCARE, INC  (CIK 0001060009)",control,control,P112,PASS,1060009,DEFM14A,2018-02-21,0001193125-18-051132,8050,Services-Nursing & Personal Care Facilities,5232717000,,,
288,P288,"Liberty Interactive Corp  (QRTEA, QRTEB, QRTEP)  (CIK 0001355096)",control,control,P113,PASS,1355096,DEFM14A,2017-12-29,0001047469-17-007840,5961,Retail-Catalog & Mail-Order Houses,24122000000,,,
289,P289,"HSN, Inc.  (CIK 0001434729)",control,control,P114,PASS,1434729,DEFM14A,2017-11-29,0001047469-17-007349,5940,Retail-Miscellaneous Shopping Goods Stores,1304533000,,,
290,P290,"CA, INC.  (CIK 0000356028)",control,control,P115,PASS,356028,DEFM14A,2018-08-10,0001193125-18-246044,7372,Services-Prepackaged Software,12533000000,,,
291,P291,"KCG Holdings, Inc.  (CIK 0001569391)",control,control,P116,PASS,1569391,DEFM14A,2017-06-01,0001047469-17-003764,6211,"Security Brokers, Dealers & Flotation Companies",6261287000,,,
292,P292,SCHULMAN A INC  (CIK 0000087565),control,control,P117,PASS,87565,DEFM14A,2018-05-11,0001193125-18-160804,2821,"Plastic Materials, Synth Resins & Nonvulcan Elastomers",1806025000,,,
293,P293,"HCBF Holding Company, Inc.  (CIK 0001498415)",control,control,P118,PASS,1498415,DEFM14A,2017-10-31,0001193125-17-327431,6022,State Commercial Banks,1789890000,,,
294,P294,"Gores Holdings II, Inc.  (VRRM)  (CIK 0001682745)",control,control,P119,PASS,1682745,DEFM14A,2018-10-02,0001047469-18-006535,4700,Transportation Services,1344783000,,,
295,P295,"Education Realty Trust, Inc.  (CIK 0001302343)",control,control,P120,PASS,1302343,DEFM14A,2018-08-13,0001140361-18-036197,6798,Real Estate Investment Trusts,3015164000,,,
296,P296,Legacy Reserves Inc.  (CIK 0001735828),control,control,P121,PASS,1735828,DEFM14A,2018-08-03,0001193125-18-238437,1311,Crude Petroleum & Natural Gas,1474931000,,,
297,P297,"Blue Hills Bancorp, Inc.  (CIK 0001601545)",control,control,P122,PASS,1601545,DEFM14A,2018-12-12,0001193125-18-347556,6022,State Commercial Banks,2805575000,,,
298,P298,"WashingtonFirst Bankshares, Inc.  (CIK 0001476264)",control,control,P123,PASS,1476264,DEFM14A,2017-09-11,0001193125-17-281975,6022,State Commercial Banks,2002911000,,,
299,P299,"TerraForm Power, Inc.  (CIK 0001599947)",control,control,P124,PASS,1599947,DEFM14A,2017-09-06,0001567619-17-001844,4911,Electric Services,6387021000,,,
300,P300,"Bankrate, Inc.  (CIK 0001518222)",control,control,P125,PASS,1518222,DEFM14A,2017-08-15,0001193125-17-258576,7374,Services-Computer Processing & Data Preparation,1083860000,,,
301,P301,"INVESTMENT TECHNOLOGY GROUP, INC.  (CIK 0000920424)",control,control,P126,PASS,920424,DEFM14A,2018-12-14,0001047469-18-007677,6211,"Security Brokers, Dealers & Flotation Companies",1021075000,,,
302,P302,"AV Homes, Inc.  (CIK 0000039677)",control,control,P127,PASS,39677,DEFM14A,2018-08-27,0001193125-18-258270,1531,Operative Builders,1010144000,,,
303,P303,REYNOLDS AMERICAN INC  (CIK 0001275283),control,control,P128,PASS,1275283,DEFM14A,2017-06-14,0001193125-17-203053,2111,Cigarettes,51095000000,,,
304,P304,ONEOK INC /NEW/  (OKE)  (CIK 0001039684),control,control,P129,PASS,1039684,DEFM14A,2017-05-22,0001193125-17-176926,4923,Natural Gas Transmisison & Distribution,16845937000,,,
305,P305,XL GROUP LTD  (CIK 0000875159),control,control,P130,PASS,875159,DEFM14A,2018-05-03,0001571049-18-000279,6331,"Fire, Marine & Casualty Insurance",63436236000,,,
306,P306,"Vantiv, Inc.  (CIK 0001533932)",control,control,P131,PASS,1533932,DEFM14A,2017-11-27,0001193125-17-351649,7389,"Services-Business Services, NEC",8667000000,,,
307,P307,TRIBUNE MEDIA CO  (CIK 0000726513),control,control,P132,PASS,726513,DEFM14A,2017-09-06,0001047469-17-005567,4833,Television Broadcasting Stations,8169328000,,,
308,P308,"CapStar Financial Holdings, Inc.  (CIK 0001676479)",control,control,P133,PASS,1676479,DEFM14A,2018-07-26,0001193125-18-227829,6022,State Commercial Banks,1963883000,,,
309,P309,WHOLE FOODS MARKET INC  (CIK 0000865436),control,control,P134,PASS,865436,DEFM14A,2017-07-21,0001571049-17-006849,5411,Retail-Grocery Stores,6382000000,,,
310,P310,STAPLES INC  (CIK 0000791519),control,control,P135,PASS,791519,DEFM14A,2017-08-03,0001047469-17-004941,5940,Retail-Miscellaneous Shopping Goods Stores,8271000000,,,
311,P311,CABELAS INC  (CIK 0001267130),control,control,P136,PASS,1267130,DEFM14A,2017-06-05,0001193125-17-193609,5940,Retail-Miscellaneous Shopping Goods Stores,8970824000,,,
312,P312,"GCI LIBERTY, INC.  (CIK 0000808461)",control,control,P137,PASS,808461,DEFM14A,2018-03-23,0001047469-18-002023,4813,Telephone Communications (No Radiotelephone),8660822000,,,
313,P313,ROWAN COMPANIES PLC  (CIK 0000085408),control,control,P138,PASS,85408,DEFM14A,2018-12-11,0001047469-18-007567,1381,Drilling Oil & Gas Wells,8117700000,,,
314,P314,ENERGEN CORP  (CIK 0000277595),control,control,P139,PASS,277595,DEFM14A,2018-10-25,0001193125-18-306638,1311,Crude Petroleum & Natural Gas,5033895000,,,
315,P315,EARTHSTONE ENERGY INC  (CIK 0000010254),control,control,P140,PASS,10254,DEFM14A,2018-11-06,0000010254-18-000071,1311,Crude Petroleum & Natural Gas,1004308000,,,
316,P316,BIGLARI HOLDINGS INC.  (CIK 0000093859),control,control,P141,PASS,93859,DEFM14A,2018-04-02,0001193125-18-103534,5812,Retail-Eating  Places,1096967000,,,
317,P317,VWR Corp  (CIK 0001412232),control,control,P142,PASS,1412232,DEFM14A,2017-06-14,0001193125-17-202703,5040,Wholesale-Professional & Commercial Equipment & Supplies,4962500000,,,
318,P318,"DIGITALGLOBE, INC.  (CIK 0001208208)",control,control,P143,PASS,1208208,DEFM14A,2017-06-22,0001193125-17-210383,4899,"Communications Services, NEC",3009900000,,,
319,P319,"CalAtlantic Group, Inc.  (CIK 0000878560)",control,control,P144,PASS,878560,DEFM14A,2018-01-05,0001193125-18-003465,1531,Operative Builders,8709044000,,,
320,P320,"INC Research Holdings, Inc.  (CIK 0001610950)",control,control,P145,PASS,1610950,DEFM14A,2017-06-30,0001193125-17-220226,8731,Services-Commercial Physical & Biological Research,7285867000,,,
321,P321,VALIDUS HOLDINGS LTD  (CIK 0001348259),control,control,P146,PASS,1348259,DEFM14A,2018-03-26,0001348259-18-000019,6331,"Fire, Marine & Casualty Insurance",14426879000,,,
322,P322,"PENNYMAC FINANCIAL SERVICES, INC.  (CIK 0001568669)",control,control,P147,PASS,1568669,DEFM14A,2018-09-18,0001047469-18-006280,6162,Mortgage Bankers & Loan Correspondents,7368093000,,,
323,P323,"Cotiviti Holdings, Inc.  (CIK 0001657197)",control,control,P148,PASS,1657197,DEFM14A,2018-07-23,0001047469-18-005113,7389,"Services-Business Services, NEC",2099229000,,,
324,P324,CH2M HILL COMPANIES LTD  (CIK 0000777491),control,control,P149,PASS,777491,DEFM14A,2017-11-09,0001193125-17-338957,8711,Services-Engineering Services,2670462000,,,
325,P325,Civeo Corp  (CVEO)  (CIK 0001590584),control,control,P150,PASS,1590584,DEFM14A,2018-02-02,0001193125-18-029739,7000,"Hotels, Rooming Houses, Camps & Other Lodging Places",1001677000,,,
326,P326,"EnLink Midstream Partners, LP  (CIK 0001179060)",control,control,P151,PASS,1179060,DEFM14A,2018-12-10,0001047469-18-007553,4922,Natural Gas Transmission,9571300000,,,
327,P327,Nationstar Mortgage Holdings Inc.  (CIK 0001520566),control,control,P152,PASS,1520566,DEFM14A,2018-06-01,0001193125-18-180666,6162,Mortgage Bankers & Loan Correspondents,18036000000,,,
328,P328,CU Bancorp  (CIK 0001543643),control,control,P153,PASS,1543643,DEFM14A,2017-07-25,0001047469-17-004755,6021,National Commercial Banks,2994760000,,,
329,P329,ADVISORY BOARD CO  (CIK 0001157377),control,control,P154,PASS,1157377,DEFM14A,2017-10-11,0001193125-17-307521,8741,Services-Management Services,2036878000,,,
330,P330,Silver Run Acquisition Corp II  (CIK 0001690769),control,control,P155,PASS,1690769,DEFM14A,2018-01-19,0001193125-18-014904,1311,Crude Petroleum & Natural Gas,1357830000,,,
331,P331,SCANA CORP  (CIK 0000754737),control,control,P156,PASS,754737,DEFM14A,2018-06-15,0001193125-18-193204,4931,Electric & Other Services Combined,17654000000,,,
332,P332,PAREXEL INTERNATIONAL CORP  (CIK 0000799729),control,control,P157,PASS,799729,DEFM14A,2017-08-15,0001193125-17-258029,8731,Services-Commercial Physical & Biological Research,2441500000,,,
333,P333,"FCB FINANCIAL HOLDINGS, INC.  (CIK 0001476651)",control,control,P158,PASS,1476651,DEFM14A,2018-10-29,0001140361-18-041495,6021,National Commercial Banks,10677079000,,,
334,P334,FNB BANCORP/CA/  (CIK 0001163199),control,control,P159,PASS,1163199,DEFM14A,2018-04-20,0001193125-18-125072,6022,State Commercial Banks,1265238000,,,
335,P335,"Energy XXI Gulf Coast, Inc.  (CIK 0001404973)",control,control,P160,PASS,1404973,DEFM14A,2018-08-03,0001571049-18-000420,1311,Crude Petroleum & Natural Gas,1076982000,,,
336,P336,"LENNAR CORP /NEW/  (LEN, LEN-B)  (CIK 0000920760)",control,control,P161,PASS,920760,DEFM14A,2018-01-05,0001193125-18-003442,1520,General Bldg Contractors - Residential Bldgs,28566181000,,,
337,P337,"Green Bancorp, Inc.  (CIK 0001606363)",control,control,P162,PASS,1606363,DEFM14A,2018-10-12,0001047469-18-006708,6021,National Commercial Banks,4261916000,,,
338,P338,Capital Bank Financial Corp.  (CIK 0001479750),control,control,P163,PASS,1479750,DEFM14A,2017-07-31,0000930413-17-002734,6021,National Commercial Banks,9930657000,,,
339,P339,BILL BARRETT CORP  (CIK 0001172139),control,control,P164,PASS,1172139,DEFM14A,2018-02-13,0001193125-18-042797,1311,Crude Petroleum & Natural Gas,1390706000,,,
340,P340,CIGNA CORP  (CIK 0000701221),control,control,P165,PASS,701221,DEFM14A,2018-07-16,0001140361-18-032613,6324,Hospital & Medical Service Plans,61759000000,,,
341,P341,"National Energy Services Reunited Corp.  (NESR, NESRW)  (CIK 0001698514)",control,control,P166,PASS,1698514,DEFM14A,2018-05-08,0001493152-18-006365,1389,"Oil & Gas Field Services, NEC",1343309000,,,
342,P342,"OneBeacon Insurance Group, Ltd.  (CIK 0001369817)",control,control,P167,PASS,1369817,DEFM14A,2017-06-08,0001047469-17-003896,6331,"Fire, Marine & Casualty Insurance",3589900000,,,
343,P343,Beneficial Bancorp Inc.  (CIK 0001615418),control,control,P168,PASS,1615418,DEFM14A,2018-11-06,0001552781-18-000472,6036,"Savings Institutions, Not Federally Chartered",5806925000,,,
344,P344,Envision Healthcare Corp  (CIK 0001678531),control,control,P169,PASS,1678531,DEFM14A,2018-08-13,0000950123-18-008376,8011,Services-Offices & Clinics of  Doctors of  Medicine,16572600000,,,
345,P345,Fortress Investment Group LLC  (CIK 0001380393),control,control,P170,PASS,1380393,DEFM14A,2017-06-07,0001193125-17-197197,6282,Investment Advice,2201374000,,,
346,P346,CHICAGO BRIDGE & IRON CO N V  (CIK 0001027884),control,control,P171,PASS,1027884,DEFM14A,2018-03-29,0001193125-18-102136,1700,Construction - Special Trade Contractors,5971582000,,,
347,P347,VECTREN CORP  (CIK 0001096385),control,control,P172,PASS,1096385,DEFM14A,2018-07-16,0001193125-18-218284,4932,Gas & Other Services Combined,6239300000,,,
348,P348,"State National Companies, Inc.  (CIK 0001610793)",control,control,P173,PASS,1610793,DEFM14A,2017-09-11,0001193125-17-281924,6331,"Fire, Marine & Casualty Insurance",2876737000,,,
349,P349,NAVIGATORS GROUP INC  (CIK 0000793547),control,control,P174,PASS,793547,DEFM14A,2018-10-12,0001193125-18-298223,6331,"Fire, Marine & Casualty Insurance",5603449000,,,
350,P350,FB Financial Corp  (FBK)  (CIK 0001649749),control,control,P175,PASS,1649749,DEFM14A,2017-07-10,0001193125-17-225253,6022,State Commercial Banks,4727713000,,,
