case_id,stratum,role,cik,form,accession,chars,status
P001,carve_out,gap_prone,1659166,10-12B,0001193125-16-533838,669534,ok
P002,carve_out,gap_prone,1418135,10-12B,0000950134-07-023765,601199,ok
P003,carve_out,gap_prone,1457543,10-12B,0000950123-09-008871,840229,ok
P004,carve_out,gap_prone,1468516,10-12B,0001193125-09-192456,734855,ok
P005,carve_out,gap_prone,1635718,10-12B,0001047469-15-002032,540256,ok
P006,carve_out,gap_prone,1685040,10-12B,0001193125-17-126443,1629461,ok
P007,carve_out,gap_prone,1755672,10-12B,0001193125-18-352727,599565,ok
P008,carve_out,gap_prone,1434729,10-12B,0001047469-08-008292,1578312,ok
P009,carve_out,gap_prone,1710366,10-12B,0001193125-17-225493,720398,ok
P010,carve_out,gap_prone,1632127,10-12B,0001193125-15-136053,436449,ok
P011,carve_out,gap_prone,1620546,10-12B,0001193125-15-204641,734537,ok
P012,carve_out,gap_prone,1657853,10-12B,0001657853-16-000015,743968,ok
P013,carve_out,gap_prone,1528558,10-12B,0001047469-11-010146,543038,ok
P014,carve_out,gap_prone,1727263,10-12B,0001047469-18-005362,675872,ok
P015,carve_out,gap_prone,1645590,10-12B,0001193125-15-320565,1086539,ok
P016,carve_out,gap_prone,1675149,10-12B,0001193125-16-708643,1195277,ok
P017,carve_out,gap_prone,1486957,10-12B,0001193125-10-055423,728173,ok
P018,carve_out,gap_prone,1611547,10-12B,0001047469-14-009844,742893,ok
P019,carve_out,gap_prone,1670541,10-12B,0001047469-16-015575,1382979,ok
P020,carve_out,gap_prone,1660690,10-12B,0001193125-16-692200,725766,ok
P021,carve_out,gap_prone,1518832,10-12B,0000950123-11-101646,994396,ok
P022,carve_out,gap_prone,1751788,10-12B,0001193125-18-268647,352953,ok
P023,carve_out,gap_prone,1594686,10-12B,0001047469-14-000794,652460,ok
P024,carve_out,gap_prone,1390844,10-12B,0001193125-07-121554,554649,ok
P025,carve_out,gap_prone,1598428,10-12B,0001193125-14-201428,541388,ok
P026,carve_out,gap_prone,1630805,10-12B,0001193125-15-216714,817922,ok
P027,carve_out,gap_prone,1415404,10-12B,0001035704-07-000816,675307,ok
P028,carve_out,gap_prone,1601046,10-12B,0001047469-14-007795,753166,ok
P029,carve_out,gap_prone,1707092,10-12B,0001193125-17-279255,785911,ok
P030,carve_out,gap_prone,1376812,10-12B,0000950137-07-012653,609501,ok
P031,carve_out,gap_prone,1594590,10-12B,0001193125-14-266775,696450,ok
P032,carve_out,gap_prone,1679273,10-12B,0001193125-16-693702,531807,ok
P033,carve_out,gap_prone,1551152,10-12B,0001047469-12-010903,731725,ok
P034,carve_out,gap_prone,1609253,10-12B,0001047469-14-007128,800967,ok
P035,carve_out,gap_prone,1656239,10-12B,0001193125-15-410962,798048,ok
P036,carve_out,gap_prone,1532930,10-12B,0001193125-14-236450,430117,ok
P037,carve_out,gap_prone,1627223,10-12B,0001193125-15-186063,761189,ok
P038,carve_out,gap_prone,1495569,10-12B,0001193125-10-226923,984424,ok
P039,carve_out,gap_prone,1635881,10-12B,0001047469-15-006019,786214,ok
P040,carve_out,gap_prone,1591517,10-12B,0001193125-14-089381,594001,ok
P041,carve_out,gap_prone,1587732,10-12B,0001193125-13-448833,605091,ok
P042,carve_out,gap_prone,1681622,10-12B,0001193125-17-008082,752271,ok
P043,carve_out,gap_prone,1534701,10-12B,0001193125-12-091773,654923,ok
P044,carve_out,gap_prone,1597672,10-12B,0001193125-14-025522,461625,ok
P045,joint_venture,gap_prone,76334,8-K,0000076334-14-000005,17366,ok
P046,joint_venture,gap_prone,351817,10-K,0000351817-11-000012,306133,ok
P047,joint_venture,gap_prone,1307748,8-K,0001104659-09-035874,7118,ok
P048,joint_venture,gap_prone,1050797,8-K,0001193125-12-343820,10391,ok
P049,joint_venture,gap_prone,42582,10-K,0000950152-08-001092,497739,ok
P050,joint_venture,gap_prone,1585854,8-K,0001193125-14-222549,163974,ok
P051,joint_venture,gap_prone,931015,8-K,0000950123-11-020591,46592,ok
P052,joint_venture,gap_prone,24545,8-K,0001104659-07-090365,345614,ok
P053,joint_venture,gap_prone,1397516,8-K,0001193125-15-117866,7418,ok
P054,joint_venture,gap_prone,723125,8-K,0000723125-08-000116,26498,ok
P055,joint_venture,gap_prone,1370946,8-K,0001193125-07-035988,397429,ok
P056,joint_venture,gap_prone,1046880,8-K,0001193125-08-125713,173095,ok
P057,joint_venture,gap_prone,1011006,8-K,0001193125-18-214960,5677,ok
P058,joint_venture,gap_prone,719413,8-K,0000897101-08-002254,11621,ok
P059,joint_venture,gap_prone,909832,10-K,0001193125-11-271844,264219,ok
P060,joint_venture,gap_prone,96289,10-K,0000096289-13-000010,338876,ok
P061,joint_venture,gap_prone,105319,8-K,0001193125-11-115257,16815,ok
P062,joint_venture,gap_prone,1561660,8-K,0000950103-17-005834,509689,ok
P063,joint_venture,gap_prone,929887,10-K,0000950123-09-053647,537992,ok
P064,joint_venture,gap_prone,865754,8-K,0000865754-12-000051,4526,ok
P065,joint_venture,gap_prone,1441849,8-K,0001104659-12-003562,3065,ok
P066,joint_venture,gap_prone,1677761,8-K,0001193125-17-130778,482383,ok
P067,joint_venture,gap_prone,945436,8-K,0001144204-11-009955,4428,ok
P068,joint_venture,gap_prone,823094,8-K,0000823094-12-000016,5358,ok
P069,joint_venture,gap_prone,1061219,8-K,0001061219-06-000015,23824,ok
P070,joint_venture,gap_prone,1042810,8-K,0000950123-11-001490,201331,ok
P071,joint_venture,gap_prone,78460,8-K,0001299933-14-001348,6379,ok
P072,joint_venture,gap_prone,1674168,8-K,0001193125-17-232892,173380,ok
P073,joint_venture,gap_prone,98222,8-K,0001193125-11-047707,3117,ok
P074,joint_venture,gap_prone,1204560,8-K,0001204560-12-000018,3336,ok
P075,joint_venture,gap_prone,1065837,8-K,0001299933-10-000470,5922,ok
P076,joint_venture,gap_prone,791915,8-K,0001104659-18-063951,7033,ok
P077,joint_venture,gap_prone,1179060,8-K,0001104659-11-038694,27566,ok
P078,joint_venture,gap_prone,1581405,8-K,0001581405-16-000076,10555,ok
P079,joint_venture,gap_prone,867773,8-K,0001193125-10-129898,10245,ok
P080,joint_venture,gap_prone,93410,10-K,0000891618-09-000054,496908,ok
P081,joint_venture,gap_prone,37996,8-K,0000037996-12-000015,100897,ok
P082,joint_venture,gap_prone,831259,8-K,0001193125-14-413217,123704,ok
P083,joint_venture,gap_prone,29915,10-K,0001193125-11-040023,783836,ok
P084,joint_venture,gap_prone,101778,8-K,0001193125-11-151791,213268,ok
P085,joint_venture,gap_prone,732712,8-K,0001193125-11-194187,37583,ok
P086,joint_venture,gap_prone,1166691,10-K,0001193125-11-047243,444287,ok
P087,joint_venture,gap_prone,24741,8-K,0001299933-12-000243,2834,ok
P088,joint_venture,gap_prone,1163165,10-K,0000950123-11-016957,584584,ok
P089,roll_up,gap_prone,1360604,8-K,0001360604-14-000020,123630,ok
P090,roll_up,gap_prone,945436,8-K,0001193125-16-600567,67947,ok
P091,roll_up,gap_prone,1307748,8-K,0001104659-07-048468,129492,ok
P092,roll_up,gap_prone,1000623,8-K,0001000623-13-000116,3497,ok
P093,roll_up,gap_prone,1252849,10-K,0001193125-09-068884,348556,ok
P094,roll_up,gap_prone,1662972,8-K,0001193125-17-236870,137785,ok
P095,roll_up,gap_prone,1345126,8-K,0001345126-18-000037,16157,ok
P096,roll_up,gap_prone,1464720,8-K,0001193125-14-110223,60756,ok
P097,roll_up,gap_prone,924901,8-K,0001104659-16-135131,3995,ok
P098,roll_up,gap_prone,1464423,8-K,0001564590-17-008429,509844,ok
P099,roll_up,gap_prone,1455650,8-K,0001193125-18-029391,18836,ok
P100,roll_up,gap_prone,1540047,8-K,0001104659-16-106466,38465,ok
P101,roll_up,gap_prone,1327978,8-K,0001327978-16-000021,6506,ok
P102,roll_up,gap_prone,1498547,10-K,0001498547-13-000024,397735,ok
P103,roll_up,gap_prone,1468516,10-K,0001193125-10-045310,427088,ok
P104,roll_up,gap_prone,1224608,8-K,0001224608-10-000028,17129,ok
P105,roll_up,gap_prone,1020569,8-K,0001020569-18-000052,23004,ok
P106,roll_up,gap_prone,1604416,8-K,0001104659-16-126429,2920,ok
P107,roll_up,gap_prone,923284,10-K,0001104659-12-012808,411773,ok
P108,roll_up,gap_prone,1313918,8-K,0001299933-08-003494,15979,ok
P109,roll_up,gap_prone,1069258,8-K,0001047469-11-000539,87704,ok
P110,roll_up,gap_prone,1421182,8-K,0001193125-16-440657,591609,ok
P111,roll_up,gap_prone,1490626,10-K,0001490626-13-000027,387424,ok
P112,roll_up,gap_prone,1498021,8-K,0001104659-16-133094,83537,ok
P113,roll_up,gap_prone,47129,8-K,0001104659-09-046576,87540,ok
P114,roll_up,gap_prone,1525287,8-K,0001525287-17-000045,17172,ok
P115,roll_up,gap_prone,1364479,8-K,0001104659-09-046575,87540,ok
P116,roll_up,gap_prone,1308606,10-K,0001308606-13-000004,500021,ok
P117,roll_up,gap_prone,1091862,8-K,0001144204-09-032752,30518,ok
P118,roll_up,gap_prone,915862,8-K,0000915862-13-000041,6989,ok
P119,roll_up,gap_prone,746515,8-K,0000746515-14-000023,24347,ok
P120,roll_up,gap_prone,1425923,10-K,0001425923-13-000003,581704,ok
P121,roll_up,gap_prone,1564657,8-K,0001193125-18-029397,14667,ok
P122,roll_up,gap_prone,1390213,8-K,0001104659-18-065167,6244,ok
P123,roll_up,gap_prone,1455271,8-K,0001455271-14-000027,16489,ok
P124,roll_up,gap_prone,1222840,8-K,0001104659-10-052516,96995,ok
P125,roll_up,gap_prone,1468010,8-K,0001468010-14-000044,145841,ok
P126,roll_up,gap_prone,1314152,8-K,0001314152-15-000067,4030,ok
P127,roll_up,gap_prone,1567925,8-K,0001567925-17-000124,3428,ok
P128,roll_up,gap_prone,1665918,S-1,0001193125-16-455364,855746,ok
P129,roll_up,gap_prone,1590714,8-K,0001171843-15-002760,22556,ok
P130,roll_up,gap_prone,895655,8-K,0001193125-15-402097,21779,ok
P131,roll_up,gap_prone,1533932,8-K,0001193125-17-281198,785053,ok
P132,roll_up,gap_prone,1378992,10-K,0000919465-12-000024,305805,ok
P133,distressed,gap_prone,96289,8-K,0001193125-15-044358,520429,ok
P134,distressed,gap_prone,1563407,8-K,0001104659-15-068981,166350,ok
P135,distressed,gap_prone,29669,8-K,0001193125-09-109081,18331,ok
P136,distressed,gap_prone,837173,8-K,0001104659-15-051290,280708,ok
P137,distressed,gap_prone,1001082,8-K,0001104659-13-055868,510269,ok
P138,distressed,gap_prone,1588238,8-K,0001193125-16-543288,144115,ok
P139,distressed,gap_prone,1548691,8-K,0001193125-15-292359,53352,ok
P140,distressed,gap_prone,1060990,8-K,0001060990-15-000090,41713,ok
P141,distressed,gap_prone,1297720,8-K,0001019687-14-003342,233144,ok
P142,distressed,gap_prone,1481792,8-K,0001481792-12-000026,4487,ok
P143,distressed,gap_prone,1037016,8-K,0001571049-15-001716,138856,ok
P144,distressed,gap_prone,906163,8-K,0000950123-10-034817,307098,ok
P145,distressed,gap_prone,1307954,8-K,0001104659-09-052428,374096,ok
P146,distressed,gap_prone,1301063,8-K,0001193125-16-650114,519169,ok
P147,distressed,gap_prone,1520566,8-K,0001193125-12-396051,291882,ok
P148,distressed,gap_prone,1704715,S-4,0001628280-18-011255,2500095,ok
P149,distressed,gap_prone,72911,8-K,0001193125-09-141833,41121,ok
P150,distressed,gap_prone,921738,8-K,0001104659-09-065443,249147,ok
P151,distressed,gap_prone,1310067,8-K,0001193125-18-341446,22550,ok
P152,distressed,gap_prone,885590,8-K,0000885590-18-000074,9170,ok
P153,distressed,gap_prone,1309402,8-K,0001193125-16-787484,74707,ok
P154,distressed,gap_prone,1489137,8-K,0001104659-16-120339,968923,ok
P155,distressed,gap_prone,1123647,8-K,0001193125-12-501946,66765,ok
P156,distressed,gap_prone,1023291,10-K,0001193125-14-176746,579315,ok
P157,distressed,gap_prone,1376812,10-K,0000950103-12-004067,44012,ok
P158,distressed,gap_prone,858339,8-K,0001193125-15-011354,12132,ok
P159,distressed,gap_prone,1585854,8-K,0001193125-16-684473,337536,ok
P160,distressed,gap_prone,1326428,8-K,0001193125-16-599897,11632,ok
P161,distressed,gap_prone,1064728,8-K,0001193125-16-677563,46010,ok
P162,distressed,gap_prone,878079,8-K,0001104659-18-000532,7962,ok
P163,distressed,gap_prone,31235,8-K,0000031235-12-000109,29106,ok
P164,distressed,gap_prone,38079,8-K,0001104659-15-040093,71844,ok
P165,distressed,gap_prone,1400891,8-K,0001193125-18-219041,44871,ok
P166,distressed,gap_prone,1394954,8-K,0001445305-14-005438,30605,ok
P167,distressed,gap_prone,1058623,8-K,0001058623-17-000028,17012,ok
P168,distressed,gap_prone,1037676,8-K,0001104659-16-149399,363999,ok
P169,distressed,gap_prone,6201,8-K,0000006201-12-000001,8146,ok
P170,distressed,gap_prone,813781,10-K,0000813781-13-000016,432538,ok
P171,distressed,gap_prone,1349436,8-K,0001193125-16-733811,484817,ok
P172,distressed,gap_prone,1105055,8-K,0001104659-12-018950,347606,ok
P173,distressed,gap_prone,1533924,8-K,0001104659-16-143491,298201,ok
P174,distressed,gap_prone,1357371,8-K,0001357371-16-000348,406392,ok
P175,distressed,gap_prone,75208,10-K,0001144204-12-011875,496636,ok
P176,control,control,9892,DEFM14A,0001193125-17-220263,967287,ok
P177,control,control,1564822,DEFM14A,0001193125-18-275423,1041721,ok
P178,control,control,1477294,DEFM14A,0001477294-18-000012,493630,ok
P179,control,control,1024657,DEFM14A,0001193125-17-215084,1001900,ok
P180,control,control,1577095,DEFM14A,0001047469-17-005072,1012515,ok
P181,control,control,1163348,DEFM14A,0001047469-17-004976,1647102,ok
P182,control,control,880285,DEFM14A,0001193125-18-323821,923242,ok
P183,control,control,1388195,DEFM14A,0001567619-17-002126,763152,ok
P184,control,control,1344980,DEFM14A,0001047469-18-003237,532455,ok
P185,control,control,1230276,DEFM14A,0000930413-18-003625,881065,ok
P186,control,control,884905,DEFM14A,0001193125-17-259883,3126670,ok
P187,control,control,916457,DEFM14A,0001193125-17-341396,972135,ok
P188,control,control,1407739,DEFM14A,0001193125-17-257795,1783458,ok
P189,control,control,933036,DEFM14A,0001193125-18-249885,768664,ok
P190,control,control,808362,DEFM14A,0001193125-17-187240,2254279,ok
P191,control,control,886035,DEFM14A,0001193125-18-011306,690895,ok
P192,control,control,1312073,DEFM14A,0001193125-18-169570,750972,ok
P193,control,control,1434620,DEFM14A,0001193125-18-223956,1284774,ok
P194,control,control,1137411,DEFM14A,0001193125-17-365512,1115902,ok
P195,control,control,3116,DEFM14A,0001308179-17-000193,769325,ok
P196,control,control,314808,DEFM14A,0001047469-18-007564,1210458,ok
P197,control,control,1145460,DEFM14A,0001193125-17-195381,727527,ok
P198,control,control,1677761,DEFM14A,0001193125-17-256025,736709,ok
P199,control,control,1617898,DEFM14A,0001047469-18-005152,1143314,ok
P200,control,control,1575879,DEFM14A,0001193125-17-211288,3420612,ok
P201,control,control,883902,DEFM14A,0001144204-18-054087,2556292,ok
P202,control,control,1067837,DEFM14A,0001193125-17-311047,1728178,ok
P203,control,control,33619,DEFM14A,0001193125-18-339843,786807,ok
P204,control,control,866121,DEFM14A,0001047469-17-006525,681321,ok
P205,control,control,1017793,DEFM14A,0001193125-17-289525,968236,ok
P206,control,control,8411,DEFM14A,0001047469-17-005317,1051880,ok
P207,control,control,57528,DEFM14A,0001174947-18-000230,774457,ok
P208,control,control,1643848,DEFM14A,0001567619-17-001306,915507,ok
P209,control,control,1588238,DEFM14A,0001047469-17-006341,1301225,ok
P210,control,control,1656239,DEFM14A,0001047469-18-001164,2082816,ok
P211,control,control,1681714,DEFM14A,0001193125-18-357922,1272739,ok
P212,control,control,1530804,DEFM14A,0001567619-17-001809,1150855,ok
P213,control,control,1487730,DEFM14A,0001193125-18-190106,2018178,ok
P214,control,control,1620179,DEFM14A,0001047469-17-004226,2449613,ok
P215,control,control,1331875,DEFM14A,0001047469-17-006453,1163292,ok
P216,control,control,1620702,DEFM14A,0001567619-17-002164,1149047,ok
P217,control,control,703361,DEFM14A,0001193125-18-341203,770573,ok
P218,control,control,50104,DEFM14A,0001193125-18-238276,1388052,ok
P219,control,control,1325281,DEFM14A,0001144204-18-041383,1189724,ok
P220,control,control,54507,DEFM14A,0001193125-17-307179,1510104,ok
P221,control,control,1698990,DEFM14A,0001193125-18-211420,3222655,ok
P222,control,control,1396446,DEFM14A,0001047469-18-004715,1416637,ok
P223,control,control,929452,DEFM14A,0001571049-17-007299,1555386,ok
P224,control,control,909281,DEFM14A,0001193125-17-176922,905363,ok
P225,control,control,1170534,DEFM14A,0001193125-18-187310,947667,ok
P226,control,control,943452,DEFM14A,0001140361-18-040543,1939251,ok
P227,control,control,1418135,DEFM14A,0001047469-18-004118,1745905,ok
P228,control,control,1358831,DEFM14A,0001193125-18-238546,1507394,ok
P229,control,control,1645494,DEFM14A,0001144204-18-065399,845052,ok
P230,control,control,757011,DEFM14A,0001193125-18-255504,935971,ok
P231,control,control,95521,DEFM14A,0001140361-18-038679,768099,ok
P232,control,control,1496048,DEFM14A,0001193125-18-204333,2901485,ok
P233,control,control,1010858,DEFM14A,0001193125-18-134923,2258332,ok
P234,control,control,701853,DEFM14A,0001193125-17-271952,161480,ok
P235,control,control,1065087,DEFM14A,0001144204-17-036873,790715,ok
P236,control,control,1414374,DEFM14A,0001654954-17-011248,791108,ok
P237,control,control,1569134,DEFM14A,0001193125-18-168177,825775,ok
P238,control,control,1143155,DEFM14A,0001571049-17-007906,997992,ok
P239,control,control,1374535,DEFM14A,0001193125-18-239500,2198486,ok
P240,control,control,914374,DEFM14A,0001571049-17-007845,2458522,ok
P241,control,control,1639947,DEFM14A,0001193125-17-224333,1360316,ok
P242,control,control,310568,DEFM14A,0001144204-18-021362,833551,ok
P243,control,control,1062047,DEFM14A,0001140361-18-037148,1211678,ok
P244,control,control,1143068,DEFM14A,0001193125-17-307158,1508285,ok
P245,control,control,1545654,DEFM14A,0001193125-17-285196,779610,ok
P246,control,control,104918,DEFM14A,0001193125-17-301020,731821,ok
P247,control,control,1594617,DEFM14A,0001193125-18-089194,1266016,ok
P248,control,control,1443799,DEFM14A,0001144204-18-027198,1218082,ok
P249,control,control,1254595,DEFM14A,0001193125-17-265999,808718,ok
P250,control,control,1062449,DEFM14A,0001193125-17-380642,729609,ok
P251,control,control,1175609,DEFM14A,0001193125-18-032604,1433340,ok
P252,control,control,1635581,DEFM14A,0001193125-18-110072,895449,ok
P253,control,control,923603,DEFM14A,0001047469-17-004631,1390806,ok
P254,control,control,1507277,DEFM14A,0001047469-17-005768,953459,ok
P255,control,control,1325955,DEFM14A,0001325955-17-000031,1245310,ok
P256,control,control,1024725,DEFM14A,0001193125-18-236739,1283459,ok
P257,control,control,764038,DEFM14A,0001047469-17-005767,951817,ok
P258,control,control,1003642,DEFM14A,0001193125-18-040279,3578487,ok
P259,control,control,1588216,DEFM14A,0001193125-18-186002,1147781,ok
P260,control,control,1308161,DEFM14A,0001193125-18-207641,2102274,ok
P261,control,control,1430602,DEFM14A,0001193125-17-314122,2046170,ok
P262,control,control,1467373,DEFM14A,0001193125-17-370759,430142,ok
P263,control,control,1351541,DEFM14A,0001351541-17-000155,1245354,ok
P264,control,control,1384710,DEFM14A,0001047469-17-005183,687606,ok
P265,control,control,1006424,DEFM14A,0001437749-17-016831,604451,ok
P266,control,control,1579471,DEFM14A,0001193125-17-310310,2270785,ok
P267,control,control,1564657,DEFM14A,0001193125-17-362943,4368126,ok
P268,control,control,1537667,DEFM14A,0001047469-18-007290,1099732,ok
P269,control,control,1476204,DEFM14A,0001626129-17-000444,1619050,ok
P270,control,control,1411488,DEFM14A,0001140361-18-011449,851463,ok
P271,control,control,1408100,DEFM14A,0001193125-17-283232,1011195,ok
P272,control,control,1453818,DEFM14A,0001453818-18-000020,370035,ok
P273,control,control,1297587,DEFM14A,0001047469-18-004781,840819,ok
P274,control,control,1581405,DEFM14A,0001140361-18-037155,2114117,ok
P275,control,control,1455650,DEFM14A,0001193125-17-362938,4368712,ok
P276,control,control,1677203,DEFM14A,0001047469-18-004637,736129,ok
P277,control,control,1390213,DEFM14A,0001047469-18-005936,1517607,ok
P278,control,control,714603,DEFM14A,0001144204-18-011059,862592,ok
P279,control,control,1668428,DEFM14A,0001571049-17-006940,1842533,ok
P280,control,control,1647509,DEFM14A,0001193125-18-298438,916317,ok
P281,control,control,720002,DEFM14A,0001626129-17-000575,890867,ok
P282,control,control,1170991,DEFM14A,0001047469-18-004973,1146993,ok
P283,control,control,1373561,DEFM14A,0001193125-17-355921,2236002,ok
P284,control,control,724606,DEFM14A,0001193125-17-189582,745339,ok
P285,control,control,1047170,DEFM14A,0001571049-17-004905,926462,ok
P286,control,control,1053532,DEFM14A,0001047469-18-006913,1730403,ok
P287,control,control,1060009,DEFM14A,0001193125-18-051132,1289232,ok
P288,control,control,1355096,DEFM14A,0001047469-17-007840,2149036,ok
P289,control,control,1434729,DEFM14A,0001047469-17-007349,1068639,ok
P290,control,control,356028,DEFM14A,0001193125-18-246044,828792,ok
P291,control,control,1569391,DEFM14A,0001047469-17-003764,706955,ok
P292,control,control,87565,DEFM14A,0001193125-18-160804,907784,ok
P293,control,control,1498415,DEFM14A,0001193125-17-327431,1429206,ok
P294,control,control,1682745,DEFM14A,0001047469-18-006535,2708940,ok
P295,control,control,1302343,DEFM14A,0001140361-18-036197,847478,ok
P296,control,control,1735828,DEFM14A,0001193125-18-238437,1507394,ok
P297,control,control,1601545,DEFM14A,0001193125-18-347556,815507,ok
P298,control,control,1476264,DEFM14A,0001193125-17-281975,984961,ok
P299,control,control,1599947,DEFM14A,0001567619-17-001844,2210190,ok
P300,control,control,1518222,DEFM14A,0001193125-17-258576,744783,ok
P301,control,control,920424,DEFM14A,0001047469-18-007677,620319,ok
P302,control,control,39677,DEFM14A,0001193125-18-258270,1051602,ok
P303,control,control,1275283,DEFM14A,0001193125-17-203053,3527174,ok
P304,control,control,1039684,DEFM14A,0001193125-17-176926,906208,ok
P305,control,control,875159,DEFM14A,0001571049-18-000279,759923,ok
P306,control,control,1533932,DEFM14A,0001193125-17-351649,1071417,ok
P307,control,control,726513,DEFM14A,0001047469-17-005567,1182518,ok
P308,control,control,1676479,DEFM14A,0001193125-18-227829,1218030,ok
P309,control,control,865436,DEFM14A,0001571049-17-006849,728789,ok
P310,control,control,791519,DEFM14A,0001047469-17-004941,942445,ok
P311,control,control,1267130,DEFM14A,0001193125-17-193609,1144133,ok
P312,control,control,808461,DEFM14A,0001047469-18-002023,546206,ok
P313,control,control,85408,DEFM14A,0001047469-18-007567,1213048,ok
P314,control,control,277595,DEFM14A,0001193125-18-306638,1217810,ok
P315,control,control,10254,DEFM14A,0000010254-18-000071,1770937,ok
P316,control,control,93859,DEFM14A,0001193125-18-103534,277880,ok
P317,control,control,1412232,DEFM14A,0001193125-17-202703,809351,ok
P318,control,control,1208208,DEFM14A,0001193125-17-210383,1972762,ok
P319,control,control,878560,DEFM14A,0001193125-18-003465,909202,ok
P320,control,control,1610950,DEFM14A,0001193125-17-220226,1566646,ok
P321,control,control,1348259,DEFM14A,0001348259-18-000019,672913,ok
P322,control,control,1568669,DEFM14A,0001047469-18-006280,465571,ok
P323,control,control,1657197,DEFM14A,0001047469-18-005113,961571,ok
P324,control,control,777491,DEFM14A,0001193125-17-338957,1800111,ok
P325,control,control,1590584,DEFM14A,0001193125-18-029739,901978,ok
P326,control,control,1179060,DEFM14A,0001047469-18-007553,1780478,ok
P327,control,control,1520566,DEFM14A,0001193125-18-180666,1422115,ok
P328,control,control,1543643,DEFM14A,0001047469-17-004755,731965,ok
P329,control,control,1157377,DEFM14A,0001193125-17-307521,1288882,ok
P330,control,control,1690769,DEFM14A,0001193125-18-014904,2807565,ok
P331,control,control,754737,DEFM14A,0001193125-18-193204,952729,ok
P332,control,control,799729,DEFM14A,0001193125-17-258029,808914,ok
P333,control,control,1476651,DEFM14A,0001140361-18-041495,966279,ok
P334,control,control,1163199,DEFM14A,0001193125-18-125072,1071503,ok
P335,control,control,1404973,DEFM14A,0001571049-18-000420,702062,ok
P336,control,control,920760,DEFM14A,0001193125-18-003442,909207,ok
P337,control,control,1606363,DEFM14A,0001047469-18-006708,1114133,ok
P338,control,control,1479750,DEFM14A,0000930413-17-002734,1032680,ok
P339,control,control,1172139,DEFM14A,0001193125-18-042797,1376477,ok
P340,control,control,701221,DEFM14A,0001140361-18-032613,1678303,ok
P341,control,control,1698514,DEFM14A,0001493152-18-006365,1686765,ok
P342,control,control,1369817,DEFM14A,0001047469-17-003896,788206,ok
P343,control,control,1615418,DEFM14A,0001552781-18-000472,1039382,ok
P344,control,control,1678531,DEFM14A,0000950123-18-008376,1177572,ok
P345,control,control,1380393,DEFM14A,0001193125-17-197197,1261215,ok
P346,control,control,1027884,DEFM14A,0001193125-18-102136,1571885,ok
P347,control,control,1096385,DEFM14A,0001193125-18-218284,666364,ok
P348,control,control,1610793,DEFM14A,0001193125-17-281924,742435,ok
P349,control,control,793547,DEFM14A,0001193125-18-298223,887192,ok
P350,control,control,1649749,DEFM14A,0001193125-17-225253,884053,ok
