cik;name;sic;fy_t;fy_prev;url_t;url_prev;words_t;words_prev;revenue_t;revenue_prev;sci_bert;sci_bow;sci_bert_item1
0001822912;26 Capital Acquisition Corp.;6770;2022-12-31;2021-12-31;https://www.sec.gov/Archives/edgar/data/1822912/000121390023030259/f10k2022_26capital.htm;https://www.sec.gov/Archives/edgar/data/1822912/000121390022016220/f10k2021_26capitalacqu.htm;20597;2451;;;0.9937454760074615;0.9503300745091268;0.9997739791870117
0001823465;5:01 Acquisition Corp.;6770;2021-12-31;2020-12-31;https://www.sec.gov/Archives/edgar/data/1823465/000110465922032081/fvam-20211231x10k.htm;https://www.sec.gov/Archives/edgar/data/1823465/000110465921037704/tm218857-1_10k.htm;3477;2610;;;0.9989033043384552;0.9940105632744543;0.9992556869983673
0001504876;5V Inc.;6770;2017-09-30;2016-09-30;https://www.sec.gov/Archives/edgar/data/1504876/000121390018000546/f10k2017_5vinc.htm;https://www.sec.gov/Archives/edgar/data/1504876/000121390017000733/f10k2016_5vinc.htm;1500;1500;;;0.9996696710586548;0.9993619904234607;
0001753648;8i Enterprises Acquisition Corp.;6770;2020-07-31;2019-07-31;https://www.sec.gov/Archives/edgar/data/1753648/000149315220017860/form10-k.htm;https://www.sec.gov/Archives/edgar/data/1753648/000149315219014287/form10-k.htm;1968;1725;;;0.9974417090415955;0.9970465134105875;0.9976276755332947
0001534629;Accelerated Acquisition XVII, Inc.;6770;2014-09-30;2013-09-30;https://www.sec.gov/Archives/edgar/data/1534629/000107997415000029/aaxvii10k9302014.htm;https://www.sec.gov/Archives/edgar/data/1534629/000107997413000817/aaxvii10k9302013.htm;982;1036;;;0.9982115626335144;0.9991925227770672;
0001430175;ACCELERATED ACQUISITIONS II INC;6770;2010-12-31;2009-12-31;https://www.sec.gov/Archives/edgar/data/1430175/000114420411018388/v216401_10k.htm;https://www.sec.gov/Archives/edgar/data/1430175/000114420410019641/v180571_10k.htm;792;756;;;0.9982790648937225;0.9969876302306075;
0001855555;ACCRETION ACQUISITION CORP.;6770;2022-12-31;2021-12-31;https://www.sec.gov/Archives/edgar/data/1855555/000110465923041096/ener-20221231x10k.htm;https://www.sec.gov/Archives/edgar/data/1855555/000110465922040953/ener-20211231x10k.htm;2728;2405;;;0.9969779253005981;0.9976393649668323;0.9999712407588959
0001844389;Ace Global Business Acquisition Ltd;6770;2023-12-31;2022-12-31;https://www.sec.gov/Archives/edgar/data/1844389/000121390024026348/ea0200862-10k_aceglobal.htm;https://www.sec.gov/Archives/edgar/data/1844389/000121390023024691/f10k2022_aceglobal.htm;2855;2742;;;0.997333288192749;0.9996801459916239;0.9999168515205383
0001790121;ACKRELL SPAC Partners I Co.;6770;2021-12-31;2020-12-31;https://www.sec.gov/Archives/edgar/data/1790121/000121390022016938/f10k2021_ackrellspac1.htm;https://www.sec.gov/Archives/edgar/data/1790121/000121390021019147/f10k2020_ackrellspac1.htm;2324;1840;;;0.9972857534885406;0.9827213447467809;0.997765064239502
0001914023;Acri Capital Acquisition Corp;6770;2023-12-31;2022-12-31;https://www.sec.gov/Archives/edgar/data/1914023/000121390024025064/ea0200246-10k_acri.htm;https://www.sec.gov/Archives/edgar/data/1914023/000121390023024676/f10k2022_acricapital.htm;5184;3528;;;0.9982825219631195;0.9921105179506411;0.9823890626430511
0001439570;Advanced Water Technology Holdings, Inc.;6770;2010-12-31;2009-12-31;https://www.sec.gov/Archives/edgar/data/1439570/000117152011000305/eps4178.htm;https://www.sec.gov/Archives/edgar/data/1439570/000111776810000066/mainbody.htm;2451;2622;;;0.9981710016727448;0.9942591892540668;
0000054175;ADVANTAGE CAPITAL DEVELOPMENT CORP;6770;2006-03-31;2005-03-31;https://www.sec.gov/Archives/edgar/data/54175/000121390006000935/f10k2006_advantagecap.htm;https://www.sec.gov/Archives/edgar/data/54175/000121390005000676/f10k2005_advantagecapital.htm;5509;4333;;;0.9984742403030396;0.9926777484608138;
0001709587;Aedan Financial Corp;6770;2018-12-31;2017-12-31;https://www.sec.gov/Archives/edgar/data/1709587/000121390019004553/f10k2018_aedanfinancial.htm;https://www.sec.gov/Archives/edgar/data/1709587/000102143218000108/tulipgrove10k123117.txt;2103;295;;;0.9744443893432617;0.9123108452849598;
0001542625;AERVISION HOLDINGS, INC.;6770;2013-03-31;2012-03-31;https://www.sec.gov/Archives/edgar/data/1542625/000107997413000361/aaxxii10k3312013.htm;https://www.sec.gov/Archives/edgar/data/1542625/000107997412000293/aaxxii10k3312012_6252012.htm;989;1312;;;0.9959700405597687;0.9822684989127486;
0001866547;Aetherium Acquisition Corp;6770;2023-12-31;2022-12-31;https://www.sec.gov/Archives/edgar/data/1866547/000149315224014895/form10-k.htm;https://www.sec.gov/Archives/edgar/data/1866547/000149315223012551/form10-k.htm;2796;2700;;;0.9977952241897583;0.999564650067847;0.9856059551239014
0001419556;AFH Acquisition IX, Inc.;6770;2017-10-31;2016-10-31;https://www.sec.gov/Archives/edgar/data/1419556/000160706218000042/afhix103117form10k.htm;https://www.sec.gov/Archives/edgar/data/1419556/000160706217000407/afhix103116form10k.htm;942;958;;;0.9993290305137634;0.9995914270606182;
0001406980;AFH Holding III, Inc.;6770;2012-12-31;2011-12-31;https://www.sec.gov/Archives/edgar/data/1406980/000149315213000573/form10k.htm;https://www.sec.gov/Archives/edgar/data/1406980/000138713112001132/afhiii_10k-123111.htm;1005;1004;;;0.9999016523361206;0.9999700302694009;0.9997527897357941
0001406979;AFH Holding IV, Inc.;6770;2012-12-31;2011-12-31;https://www.sec.gov/Archives/edgar/data/1406979/000149315213000575/form10k.htm;https://www.sec.gov/Archives/edgar/data/1406979/000138713112000984/afh4_10k-123111.htm;883;880;;;0.999739944934845;0.9998308954039737;0.9998538494110107
0001419073;AFH HOLDING V, INC;6770;2012-12-31;2011-12-31;https://www.sec.gov/Archives/edgar/data/1419073/000149315213000577/form10k.htm;https://www.sec.gov/Archives/edgar/data/1419073/000138713112000991/afh5_10k-123111.htm;469;470;;;0.9983233511447906;1.0;0.9999489486217499
0001419069;AFH HOLDING VI, INC.;6770;2012-12-31;2011-12-31;https://www.sec.gov/Archives/edgar/data/1419069/000149315213000583/form10k.htm;https://www.sec.gov/Archives/edgar/data/1419069/000138713112000993/afh6_10k-123111.htm;469;470;;;0.9983300566673279;1.0;0.9999479353427887
0001419067;AFH HOLDING VII, INC.;6770;2012-12-31;2011-12-31;https://www.sec.gov/Archives/edgar/data/1419067/000149315213000585/form10k.htm;https://www.sec.gov/Archives/edgar/data/1419067/000138713112000997/afh7_10k-123111.htm;469;470;;;0.9983300566673279;1.0;0.9999474287033081
0001865975;AfterNext HealthTech Acquisition Corp.;6770;2022-12-31;2021-12-31;https://www.sec.gov/Archives/edgar/data/1865975/000095017023002197/aftru-20221231.htm;https://www.sec.gov/Archives/edgar/data/1865975/000156459022004419/aftru-10k_20211231.htm;50036;46859;;;0.9999191462993622;0.9998274713700516;0.9993714094161987
0001874999;AG Acquisition Group III, Inc.;6770;2025-06-30;2024-06-30;https://www.sec.gov/Archives/edgar/data/1874999/000149315225017451/form10-k.htm;https://www.sec.gov/Archives/edgar/data/1874999/000149315224036043/form10-k.htm;1728;1722;;;0.9999257624149323;0.9999600288116334;0.9999850988388062
0001856696;Ahren Acquisition Corp.;6770;2022-12-31;2021-12-31;https://www.sec.gov/Archives/edgar/data/1856696/000121390023028266/f10k2022_ahrenacq.htm;https://www.sec.gov/Archives/edgar/data/1856696/000121390022017091/f10k2021_ahrenacq.htm;4192;4416;;;0.9993365406990051;0.9970532787797175;0.9999527931213379
0001882963;AIB Acquisition Corp;6770;2023-12-31;2022-12-31;https://www.sec.gov/Archives/edgar/data/1882963/000121390024024800/ea0201396-10k_aibacq.htm;https://www.sec.gov/Archives/edgar/data/1882963/000121390023024147/f10k2022_aibacq.htm;21819;14209;;;0.9990216195583344;0.9922910189108596;0.9988678097724915
0001901336;Alchemy Investments Acquisition Corp 1;6770;2025-12-31;2024-12-31;https://www.sec.gov/Archives/edgar/data/1901336/000110465926041050/alcy-20251231x10k.htm;https://www.sec.gov/Archives/edgar/data/1901336/000141057825000635/alcy-20241231x10k.htm;1970;1994;;;0.998479425907135;0.9928516678967273;0.9999158382415771
0002031561;Aldel Financial II Inc.;6770;2025-12-31;2024-12-31;https://www.sec.gov/Archives/edgar/data/2031561/000110465926033988/aldf-20251231x10k.htm;https://www.sec.gov/Archives/edgar/data/2031561/000141057825000114/aldf-20241231x10k.htm;4549;4533;;;0.9998610019683838;0.9997337376088605;0.9999696016311646
0001347491;ALEXANDER TECH CORP;6770;2025-04-30;2024-04-30;https://www.sec.gov/Archives/edgar/data/1347491/000153949725001920/n2666_x25-10k.htm;https://www.sec.gov/Archives/edgar/data/1347491/000153949724002111/n2666_x21-10k.htm;1229;1229;;;0.9999443590641022;0.9995285548024533;0.999803900718689
0001720025;Allegro Merger Corp.;6770;2025-12-31;2024-12-31;https://www.sec.gov/Archives/edgar/data/1720025/000121390026014879/ea0275326-10k_allegro.htm;https://www.sec.gov/Archives/edgar/data/1720025/000121390025024105/ea0232252-10k_allegro.htm;2356;2782;;;0.9990240931510925;0.9954356500655848;0.9982686638832092
0001093928;ALPHA WASTEWATER, INC.;6770;2011-12-31;2010-12-31;https://www.sec.gov/Archives/edgar/data/1093928/000143209312000248/alpha10k123111.htm;https://www.sec.gov/Archives/edgar/data/1093928/000113705011000112/silicon10kfinal20103.htm;1130;3440;;;0.9944590926170349;0.9669854906227168;
